-- MySQL dump 10.16  Distrib 10.1.47-MariaDB, for debian-linux-gnu (x86_64)
--
-- Host: localhost    Database: sendy
-- ------------------------------------------------------
-- Server version	10.1.47-MariaDB-0ubuntu0.18.04.1

/*!40101 SET @OLD_CHARACTER_SET_CLIENT=@@CHARACTER_SET_CLIENT */;
/*!40101 SET @OLD_CHARACTER_SET_RESULTS=@@CHARACTER_SET_RESULTS */;
/*!40101 SET @OLD_COLLATION_CONNECTION=@@COLLATION_CONNECTION */;
/*!40101 SET NAMES utf8mb4 */;
/*!40103 SET @OLD_TIME_ZONE=@@TIME_ZONE */;
/*!40103 SET TIME_ZONE='+00:00' */;
/*!40014 SET @OLD_UNIQUE_CHECKS=@@UNIQUE_CHECKS, UNIQUE_CHECKS=0 */;
/*!40014 SET @OLD_FOREIGN_KEY_CHECKS=@@FOREIGN_KEY_CHECKS, FOREIGN_KEY_CHECKS=0 */;
/*!40101 SET @OLD_SQL_MODE=@@SQL_MODE, SQL_MODE='NO_AUTO_VALUE_ON_ZERO' */;
/*!40111 SET @OLD_SQL_NOTES=@@SQL_NOTES, SQL_NOTES=0 */;

--
-- Table structure for table `apps`
--

DROP TABLE IF EXISTS `apps`;
/*!40101 SET @saved_cs_client     = @@character_set_client */;
/*!40101 SET character_set_client = utf8 */;
CREATE TABLE `apps` (
  `id` int(11) unsigned NOT NULL AUTO_INCREMENT,
  `userID` int(11) DEFAULT NULL,
  `app_name` varchar(100) COLLATE utf8mb4_unicode_ci DEFAULT NULL,
  `from_name` varchar(100) COLLATE utf8mb4_unicode_ci DEFAULT NULL,
  `from_email` varchar(100) COLLATE utf8mb4_unicode_ci DEFAULT NULL,
  `reply_to` varchar(100) COLLATE utf8mb4_unicode_ci DEFAULT NULL,
  `currency` varchar(100) COLLATE utf8mb4_unicode_ci DEFAULT NULL,
  `delivery_fee` varchar(100) COLLATE utf8mb4_unicode_ci DEFAULT NULL,
  `cost_per_recipient` varchar(100) COLLATE utf8mb4_unicode_ci DEFAULT NULL,
  `smtp_host` varchar(100) COLLATE utf8mb4_unicode_ci DEFAULT NULL,
  `smtp_port` varchar(100) COLLATE utf8mb4_unicode_ci DEFAULT NULL,
  `smtp_ssl` varchar(100) COLLATE utf8mb4_unicode_ci DEFAULT NULL,
  `smtp_username` varchar(100) COLLATE utf8mb4_unicode_ci DEFAULT NULL,
  `smtp_password` varchar(100) COLLATE utf8mb4_unicode_ci DEFAULT NULL,
  `bounce_setup` int(11) DEFAULT '0',
  `complaint_setup` int(11) DEFAULT '0',
  `app_key` varchar(100) COLLATE utf8mb4_unicode_ci DEFAULT NULL,
  `allocated_quota` int(11) DEFAULT '-1',
  `current_quota` int(11) DEFAULT '0',
  `day_of_reset` int(11) DEFAULT '1',
  `month_of_next_reset` varchar(3) COLLATE utf8mb4_unicode_ci DEFAULT NULL,
  `year_of_next_reset` varchar(4) COLLATE utf8mb4_unicode_ci DEFAULT NULL,
  `no_expiry` int(1) DEFAULT '0',
  `test_email` varchar(100) COLLATE utf8mb4_unicode_ci DEFAULT NULL,
  `brand_logo_filename` varchar(100) COLLATE utf8mb4_unicode_ci DEFAULT NULL,
  `allowed_attachments` varchar(100) COLLATE utf8mb4_unicode_ci DEFAULT 'jpeg,jpg,gif,png,pdf,zip',
  `reports_only` int(1) DEFAULT '0',
  `campaigns_only` int(1) DEFAULT '0',
  `templates_only` int(1) DEFAULT '0',
  `lists_only` int(1) DEFAULT '0',
  `notify_campaign_sent` int(1) DEFAULT '1',
  `campaign_report_rows` int(11) DEFAULT '10',
  `query_string` varchar(500) COLLATE utf8mb4_unicode_ci DEFAULT NULL,
  `gdpr_only` int(1) DEFAULT '0',
  `gdpr_options` int(1) DEFAULT '1',
  `gdpr_only_ar` int(1) DEFAULT '0',
  `recaptcha_sitekey` varchar(50) COLLATE utf8mb4_unicode_ci DEFAULT NULL,
  `recaptcha_secretkey` varchar(50) COLLATE utf8mb4_unicode_ci DEFAULT NULL,
  `custom_domain` varchar(100) COLLATE utf8mb4_unicode_ci DEFAULT NULL,
  `custom_domain_protocol` varchar(5) COLLATE utf8mb4_unicode_ci DEFAULT NULL,
  `custom_domain_enabled` int(1) DEFAULT '0',
  `test_email_prefix` varchar(100) COLLATE utf8mb4_unicode_ci DEFAULT NULL,
  `templates_lists_sorting` varchar(4) COLLATE utf8mb4_unicode_ci DEFAULT 'date',
  PRIMARY KEY (`id`)
) ENGINE=InnoDB AUTO_INCREMENT=5 DEFAULT CHARSET=utf8mb4 COLLATE=utf8mb4_unicode_ci;
/*!40101 SET character_set_client = @saved_cs_client */;

--
-- Dumping data for table `apps`
--

LOCK TABLES `apps` WRITE;
/*!40000 ALTER TABLE `apps` DISABLE KEYS */;
INSERT INTO `apps` VALUES (1,1,'Webinars','Codegnan','info@codegnan.com','info@codegnan.com','USD','','','','','ssl','','',0,0,'txu7VhmrA9eGOeZm7hfZZEGEnU8PJ0',-1,0,1,'',NULL,0,NULL,'1.png','jpeg,jpg,gif,png,pdf,zip',0,0,0,0,1,10,'',0,1,0,'','','','',0,'','date'),(2,1,'Courses','Codegnan','info@codegnan.com','info@codegnan.com','USD','','','','','ssl','','',0,0,'VfyUgt8WBnqtvTpcnuU0cCeClGGLbP',-1,0,1,'',NULL,0,'sairam@codegnan.com','2.png','jpeg,jpg,gif,png,pdf,zip',0,0,0,0,1,10,'',0,1,0,'','','','',0,'','date'),(3,1,'Codegnan Offers','Codegnan','info@codegnan.com','info@codegnan.com','USD','','','','','ssl','','',0,0,'Ppd57gKUyFHF7hHnbqBc6lADnsBmD8',-1,0,1,'',NULL,0,NULL,'3.png','jpeg,jpg,gif,png,pdf,zip',0,0,0,0,1,10,'',0,1,0,'','','','',0,'','date'),(4,1,'Codegnan Website','Codegnan','info@codegnan.com','info@codegnan.com','USD','','','','','ssl','','',0,0,'ckQ9HnpzcLn1fQ8vYHmBl5h1wUIlrf',-1,0,1,'',NULL,0,NULL,'4.png','jpeg,jpg,gif,png,pdf,zip',0,0,0,0,1,10,'',0,1,0,'','','','',0,'','date');
/*!40000 ALTER TABLE `apps` ENABLE KEYS */;
UNLOCK TABLES;

--
-- Table structure for table `ares`
--

DROP TABLE IF EXISTS `ares`;
/*!40101 SET @saved_cs_client     = @@character_set_client */;
/*!40101 SET character_set_client = utf8 */;
CREATE TABLE `ares` (
  `id` int(11) unsigned NOT NULL AUTO_INCREMENT,
  `name` varchar(100) DEFAULT NULL,
  `type` int(11) DEFAULT NULL,
  `list` int(11) DEFAULT NULL,
  `custom_field` varchar(100) DEFAULT NULL,
  PRIMARY KEY (`id`)
) ENGINE=InnoDB AUTO_INCREMENT=3 DEFAULT CHARSET=utf8;
/*!40101 SET character_set_client = @saved_cs_client */;

--
-- Dumping data for table `ares`
--

LOCK TABLES `ares` WRITE;
/*!40000 ALTER TABLE `ares` DISABLE KEYS */;
INSERT INTO `ares` VALUES (1,'Course Query Form - Autoresponder',1,1,''),(2,'Registration AutoRespond',1,2,'');
/*!40000 ALTER TABLE `ares` ENABLE KEYS */;
UNLOCK TABLES;

--
-- Table structure for table `ares_emails`
--

DROP TABLE IF EXISTS `ares_emails`;
/*!40101 SET @saved_cs_client     = @@character_set_client */;
/*!40101 SET character_set_client = utf8 */;
CREATE TABLE `ares_emails` (
  `id` int(11) unsigned NOT NULL AUTO_INCREMENT,
  `ares_id` int(11) DEFAULT NULL,
  `from_name` varchar(100) COLLATE utf8mb4_unicode_ci DEFAULT NULL,
  `from_email` varchar(100) COLLATE utf8mb4_unicode_ci DEFAULT NULL,
  `reply_to` varchar(100) COLLATE utf8mb4_unicode_ci DEFAULT NULL,
  `title` varchar(500) COLLATE utf8mb4_unicode_ci DEFAULT NULL,
  `plain_text` longtext COLLATE utf8mb4_unicode_ci,
  `html_text` longtext COLLATE utf8mb4_unicode_ci,
  `query_string` varchar(500) COLLATE utf8mb4_unicode_ci DEFAULT NULL,
  `time_condition` varchar(100) COLLATE utf8mb4_unicode_ci DEFAULT NULL,
  `timezone` varchar(100) COLLATE utf8mb4_unicode_ci DEFAULT NULL,
  `created` int(11) DEFAULT NULL,
  `recipients` int(100) DEFAULT '0',
  `opens` longtext COLLATE utf8mb4_unicode_ci,
  `wysiwyg` int(11) DEFAULT '0',
  `opens_tracking` int(1) DEFAULT '1',
  `links_tracking` int(1) DEFAULT '1',
  `enabled` int(11) DEFAULT '0',
  PRIMARY KEY (`id`)
) ENGINE=InnoDB AUTO_INCREMENT=8 DEFAULT CHARSET=utf8mb4 COLLATE=utf8mb4_unicode_ci;
/*!40101 SET character_set_client = @saved_cs_client */;

--
-- Dumping data for table `ares_emails`
--

LOCK TABLES `ares_emails` WRITE;
/*!40000 ALTER TABLE `ares_emails` DISABLE KEYS */;
INSERT INTO `ares_emails` VALUES (6,1,'Codegnan','info@codegnan.com','info@codegnan.com','Course Enquiry ','','<html>\r\n<head>\r\n	<title></title>\r\n</head>\r\n<body autocomplete=\"off\">\r\n<p><span style=\"font-family:tahoma;\">Dear [Name],</span></p>\r\n\r\n<p><span style=\"font-family:tahoma;\">Thanks for showing your interest. We will get back to you shortly and help you with all the details.</span><br />\r\n<br />\r\n&nbsp;</p>\r\n\r\n<p><span style=\"font-family:tahoma;\">Regards,</span></p>\r\n\r\n<p><span style=\"font-family:tahoma;\">Team Codegnan</span></p>\r\n\r\n<p><span style=\"font-family:tahoma;\">WhatsApp: +91 63013 41478</span></p>\r\n</body>\r\n</html>\r\n','','immediately',NULL,1601728184,42,'32:US,34:US,62:US,118:US,118:CA,154:US,164:US,154:US,180:CA,180:US,186:US,186:US,218:US,223:US,224:US,226:US',1,1,1,1),(7,2,'Codegnan','info@codegnan.com','info@codegnan.com','Webinar Registration','','<html>\r\n<head>\r\n	<title></title>\r\n</head>\r\n<body autocomplete=\"off\">\r\n<p><span style=\"font-family:verdana;\">Dear&nbsp;[Name],</span></p>\r\n\r\n<p><span style=\"font-family:verdana;\">This is a reminder for the webinar you&#39;ve registered.</span></p>\r\n\r\n<p><span style=\"font-family:verdana;\">Please visit the below YouTube link to watch the webinar.</span></p>\r\n\r\n<p><span style=\"font-family:verdana;\">24th September:&nbsp;<a data-saferedirecturl=\"https://www.google.com/url?q=https://codegnan.com/sendy/l/xtlS2Vjnnq98DWJsvErztA/l7WnOGp2l0coLaytEGs0UA/JK763VUoKZeJIqqFMGcmOR6g&amp;source=gmail&amp;ust=1601814851847000&amp;usg=AFQjCNE0g8upc3t1Yky0BpqMESaWmGcy5g\" href=\"https://codegnan.com/sendy/l/xtlS2Vjnnq98DWJsvErztA/l7WnOGp2l0coLaytEGs0UA/JK763VUoKZeJIqqFMGcmOR6g\" target=\"_blank\">https://youtu.be/<wbr />foe3jjbBsrk</a><br />\r\n25th September:&nbsp;<a data-saferedirecturl=\"https://www.google.com/url?q=https://codegnan.com/sendy/l/xtlS2Vjnnq98DWJsvErztA/YmQ70L8RxI2DHDCiBG0bmw/JK763VUoKZeJIqqFMGcmOR6g&amp;source=gmail&amp;ust=1601814851847000&amp;usg=AFQjCNGGL-46GFdEeo1PrTwxlrnoHnUKmg\" href=\"https://codegnan.com/sendy/l/xtlS2Vjnnq98DWJsvErztA/YmQ70L8RxI2DHDCiBG0bmw/JK763VUoKZeJIqqFMGcmOR6g\" target=\"_blank\">https://youtu.be/<wbr />XM643EsyMKY</a></span></p>\r\n\r\n<p><span style=\"font-family:verdana;\">Thanks and Regards,</span></p>\r\n\r\n<p><span style=\"font-family:verdana;\">Team&nbsp;Codegnan<br />\r\nContact: +91 6301341478</span></p>\r\n</body>\r\n</html>\r\n','','immediately',NULL,1601728504,1,'33:US',1,1,1,1);
/*!40000 ALTER TABLE `ares_emails` ENABLE KEYS */;
UNLOCK TABLES;

--
-- Table structure for table `blocked_domains`
--

DROP TABLE IF EXISTS `blocked_domains`;
/*!40101 SET @saved_cs_client     = @@character_set_client */;
/*!40101 SET character_set_client = utf8 */;
CREATE TABLE `blocked_domains` (
  `id` int(11) unsigned NOT NULL AUTO_INCREMENT,
  `app` int(11) DEFAULT NULL,
  `domain` varchar(100) DEFAULT NULL,
  `timestamp` varchar(100) DEFAULT NULL,
  `block_attempts` int(100) DEFAULT '0',
  PRIMARY KEY (`id`)
) ENGINE=InnoDB DEFAULT CHARSET=utf8;
/*!40101 SET character_set_client = @saved_cs_client */;

--
-- Dumping data for table `blocked_domains`
--

LOCK TABLES `blocked_domains` WRITE;
/*!40000 ALTER TABLE `blocked_domains` DISABLE KEYS */;
/*!40000 ALTER TABLE `blocked_domains` ENABLE KEYS */;
UNLOCK TABLES;

--
-- Table structure for table `campaigns`
--

DROP TABLE IF EXISTS `campaigns`;
/*!40101 SET @saved_cs_client     = @@character_set_client */;
/*!40101 SET character_set_client = utf8 */;
CREATE TABLE `campaigns` (
  `id` int(11) unsigned NOT NULL AUTO_INCREMENT,
  `userID` int(11) DEFAULT NULL,
  `app` int(11) DEFAULT NULL,
  `from_name` varchar(100) COLLATE utf8mb4_unicode_ci DEFAULT NULL,
  `from_email` varchar(100) COLLATE utf8mb4_unicode_ci DEFAULT NULL,
  `reply_to` varchar(100) COLLATE utf8mb4_unicode_ci DEFAULT NULL,
  `title` varchar(500) COLLATE utf8mb4_unicode_ci DEFAULT NULL,
  `label` varchar(500) COLLATE utf8mb4_unicode_ci DEFAULT NULL,
  `plain_text` longtext COLLATE utf8mb4_unicode_ci,
  `html_text` longtext COLLATE utf8mb4_unicode_ci,
  `query_string` varchar(500) COLLATE utf8mb4_unicode_ci DEFAULT NULL,
  `sent` varchar(100) COLLATE utf8mb4_unicode_ci DEFAULT '',
  `to_send` int(100) DEFAULT NULL,
  `to_send_lists` mediumtext COLLATE utf8mb4_unicode_ci,
  `recipients` int(100) DEFAULT '0',
  `timeout_check` varchar(100) COLLATE utf8mb4_unicode_ci DEFAULT NULL,
  `opens` longtext COLLATE utf8mb4_unicode_ci,
  `wysiwyg` int(11) DEFAULT '0',
  `quota_deducted` int(11) DEFAULT NULL,
  `send_date` varchar(100) COLLATE utf8mb4_unicode_ci DEFAULT NULL,
  `lists` mediumtext COLLATE utf8mb4_unicode_ci,
  `lists_excl` mediumtext COLLATE utf8mb4_unicode_ci,
  `segs` mediumtext COLLATE utf8mb4_unicode_ci,
  `segs_excl` mediumtext COLLATE utf8mb4_unicode_ci,
  `timezone` varchar(100) COLLATE utf8mb4_unicode_ci DEFAULT NULL,
  `errors` longtext COLLATE utf8mb4_unicode_ci,
  `bounce_setup` int(11) DEFAULT '0',
  `complaint_setup` int(11) DEFAULT '0',
  `opens_tracking` int(1) DEFAULT '1',
  `links_tracking` int(1) DEFAULT '1',
  PRIMARY KEY (`id`)
) ENGINE=InnoDB AUTO_INCREMENT=11 DEFAULT CHARSET=utf8mb4 COLLATE=utf8mb4_unicode_ci;
/*!40101 SET character_set_client = @saved_cs_client */;

--
-- Dumping data for table `campaigns`
--

LOCK TABLES `campaigns` WRITE;
/*!40000 ALTER TABLE `campaigns` DISABLE KEYS */;
INSERT INTO `campaigns` VALUES (1,1,2,'Codegnan','info@codegnan.com','info@codegnan.com','Answers to yesterday\\\'s Python Quiz by Codegnan','','','<html>\r\n<head>\r\n	<title></title>\r\n</head>\r\n<body>\r\n<p>Hello [Name],</p>\r\n\r\n<p>Hope you are having a nice weekend! As you might already knew, we have been doing these weekly quizes and giving away 2000 INR off on our courses to people who answers all the questions right on every Friday of that month.<br />\r\n<br />\r\nTo not miss the chance, Hit the &#39;<strong><a href=\"https://m.me/codegnan?ref=:t-1601018222458\">Notify Me</a></strong>&#39; to get the quiz in your Messenger on every Friday!</p>\r\n\r\n<p>You received this email because you have answered all the questions on Friday in the quiz bot and opted for explanations. Here you go!</p>\r\n\r\n<p dir=\"ltr\"><br />\r\n<strong>Q1. What will be the output of the following Python code?</strong></p>\r\n\r\n<p dir=\"ltr\">True = False</p>\r\n\r\n<p dir=\"ltr\">while True:</p>\r\n\r\n<p dir=\"ltr\">&nbsp; print(True)</p>\r\n\r\n<p dir=\"ltr\">&nbsp; break</p>\r\n\r\n<p dir=\"ltr\"><strong>Options: </strong>None , False , Error , True</p>\r\n\r\n<p dir=\"ltr\"><strong>Answer: </strong>The correct answer is Error. we cannot use keyword as variable name &quot;True&quot; is a keyword in python so assignment is not possible</p>\r\n\r\n<p dir=\"ltr\"><br />\r\n<strong>Q2. What will be the output of the following python code?</strong></p>\r\n\r\n<p dir=\"ltr\">x = [&#39;ab&#39;, &#39;cd&#39;]</p>\r\n\r\n<p dir=\"ltr\">for i in x:</p>\r\n\r\n<p dir=\"ltr\">&nbsp;&nbsp;&nbsp;&nbsp;x.append(i.upper())</p>\r\n\r\n<p dir=\"ltr\">print(x)</p>\r\n\r\n<p dir=\"ltr\"><strong>Options:</strong> [&#39;ab&#39;,&#39;cd&#39;] , [&#39;AB&#39;,&#39;CD&#39;] , [&#39;ab&#39;,&#39;cd&#39;,&#39;AB&#39;,&#39;CD&#39;] , None of the above</p>\r\n\r\n<p dir=\"ltr\"><strong>Answer</strong>: The correct option is None of the above. This will go into an infinity loop as we are appending the values in list after each iteration</p>\r\n\r\n<p dir=\"ltr\"><strong>Q3. What will be the output of the following python code?</strong></p>\r\n\r\n<p dir=\"ltr\">a= &#39;vxyaaxaxzxy&#39;</p>\r\n\r\n<p dir=\"ltr\">print(a.count(&lsquo;vbb&rsquo;,-10,-1))</p>\r\n\r\n<p dir=\"ltr\"><strong>Options:&nbsp;</strong> 2 , 3 , 1 , 0</p>\r\n\r\n<p dir=\"ltr\"><strong>Answer</strong>: The correct option is 0. It Counts the number of times the substring &lsquo;vbb&rsquo; is present starting from position 2 and ending at position 11 in the given string and it gives 0 because of no findings</p>\r\n\r\n<p dir=\"ltr\"><br />\r\n<strong>Q4. What will be the output of the following&nbsp; code?</strong></p>\r\n\r\n<p dir=\"ltr\">var= &quot;Michael Jackson&quot;</p>\r\n\r\n<p dir=\"ltr\">print(var[2::-2])</p>\r\n\r\n<p dir=\"ltr\"><strong>Options: </strong>Mic , caM&nbsp; , cM , Mac</p>\r\n\r\n<p dir=\"ltr\"><strong>Answer</strong>: The correct option is cM. Output is &#39;cM&#39; on basis of indexing</p>\r\n\r\n<p dir=\"ltr\">var[::-2]</p>\r\n\r\n<p dir=\"ltr\">&#39;nscJlacM&#39;</p>\r\n\r\n<p dir=\"ltr\">var[2::-2]</p>\r\n\r\n<p dir=\"ltr\">&#39;cM&#39;</p>\r\n\r\n<p dir=\"ltr\"><strong>Q5.what will be output of following code:</strong></p>\r\n\r\n<p dir=\"ltr\">def outerFun(a, b):</p>\r\n\r\n<p dir=\"ltr\">&nbsp; &nbsp; &nbsp; def innerFun(c, d):</p>\r\n\r\n<p dir=\"ltr\">&nbsp;&nbsp; &nbsp; &nbsp; &nbsp; &nbsp; &nbsp; &nbsp; return c + d</p>\r\n\r\n<p dir=\"ltr\">&nbsp; &nbsp; return innerFun(a, b)</p>\r\n\r\n<p dir=\"ltr\">&nbsp;res = outerFun(5, 10)</p>\r\n\r\n<p dir=\"ltr\" role=\"presentation\">print(res)</p>\r\n\r\n<p dir=\"ltr\" role=\"presentation\"><strong>Options: </strong>Syntax Error , Runtime Error , 15 , (5,10)</p>\r\n\r\n<p dir=\"ltr\"><strong>Answer</strong>: The correct option is 15. The two values will be added in innerFun () function through calling at outerFun() function</p>\r\n\r\n<p dir=\"ltr\">&nbsp;</p>\r\n\r\n<p dir=\"ltr\">Looking forward to seeing you answering the next Friday&#39;s quiz.</p>\r\n\r\n<p dir=\"ltr\">&nbsp;</p>\r\n\r\n<p dir=\"ltr\">Thank you,<br />\r\nSaketh</p>\r\n</body>\r\n</html>\r\n','','1602411235',27,'3',27,NULL,'61:US,43:IN,60:US,40:US,38:US,54:US,54:US,53:US,37:US,58:US,58:US,51:US,36:US,47:US,38:US,53:US',1,NULL,NULL,'3','','','',NULL,NULL,0,0,1,1),(3,1,2,'Codegnan','info@codegnan.com','info@codegnan.com','Explanation you requested for yesterday\\\'s Python Quiz by Codegnan','','','<html>\r\n<head>\r\n	<title></title>\r\n</head>\r\n<body>\r\n<p>Hello [Name],</p>\r\n\r\n<p>Hope you are having a nice weekend! As you might already knew, we have been doing these weekly quizes and giving away 2000 INR off on our courses to people who answers all the questions right on every Friday of that month.<br />\r\n<br />\r\nTo not miss the chance, Hit the &#39;<strong><a href=\"https://m.me/codegnan?ref=:t-1601018222458\">Notify Me</a></strong>&#39; to get the quiz in your Messenger on every Friday!<br />\r\n<br />\r\nBy the way, the dates for the next batch Machine Learning and Augmented Reality courses were announced. <strong><a href=\"https://codegnan.com/courses/?utm_source=weeklyquiz&amp;utm_medium=email&amp;utm_campaign=Courses\">Click here</a></strong> to check out full length course structures in detail!</p>\r\n\r\n<p>You received this email because you have answered all the questions on Friday in the quiz bot and opted for explanations. Here you go!</p>\r\n\r\n<p dir=\"ltr\"><br />\r\n<strong>Q1.</strong> What does ~~~~~~5 evaluate to?</p>\r\n\r\n<p dir=\"ltr\"><strong>Options: </strong>+5 , -11 , -5 , +11</p>\r\n\r\n<p dir=\"ltr\" style=\"line-height:2.625;margin-right: 2pt;text-align: justify;background-color:#ffffff;margin-top:6pt;margin-bottom:7pt;\"><strong>Answer: </strong>The correct answer is +5.<b id=\"docs-internal-guid-7b75885f-7fff-7bfb-0f01-3a56ffed9488\" style=\"font-weight:normal;\"><span style=\"font-size:11.5pt;font-family:Roboto,sans-serif;color:#29303b;background-color:#ffffff;font-weight:400;font-style:normal;font-variant:normal;text-decoration:none;vertical-align:baseline;white-space:pre;white-space:pre-wrap;\"> </span></b> ~x is equivalent to -(x+1)</p>\r\n\r\n<p dir=\"ltr\"><strong>Q2.</strong> What will be the output of<br />\r\nprint(max(&ldquo;what are you&rdquo;))</p>\r\n\r\n<p dir=\"ltr\"><strong>Options:</strong> error , u , y, a</p>\r\n\r\n<p dir=\"ltr\"><strong>Answer</strong>: The correct option is y. <meta charset=\"utf-8\">Max returns the character with the highest ascii value.</p>\r\n\r\n<p><br />\r\n<strong>Q3. Which of the following is incorrect ?</strong></p>\r\n\r\n<p><strong>Options:&nbsp;</strong> float(&#39;inf&#39;) , float(&#39;12+13&#39;) , float(&#39;nan&#39;) , float(&#39;12+&quot;13&quot;)</p>\r\n\r\n<p dir=\"ltr\"><strong>Answer</strong>: The correct option is float(&#39;12+13&#39;). + cannot be converted to a float.</p>\r\n\r\n<p dir=\"ltr\"><br />\r\n<strong>Q4. What will be the output of the following&nbsp; code?</strong></p>\r\n\r\n<p dir=\"ltr\">class father:<br />\r\n&nbsp;&nbsp; def __init__(self, param):<br />\r\n&nbsp;&nbsp;&nbsp;&nbsp;&nbsp;&nbsp; self.o1 = param<br />\r\nclass child(father):<br />\r\n&nbsp;&nbsp; def __init__(self, param):<br />\r\n&nbsp;&nbsp;&nbsp;&nbsp;&nbsp;&nbsp; self.o2 = param<br />\r\nobj = child(22)<br />\r\nprint( &quot;%d %d&quot; % (obj.o1, obj.o2))</p>\r\n\r\n<p dir=\"ltr\"><strong>Options: </strong>None None , None 22 , 22 None , Error</p>\r\n\r\n<p dir=\"ltr\"><strong>Answer</strong>: The correct option is Error. self .o1 was never created</p>\r\n\r\n<p dir=\"ltr\"><br />\r\n<strong>Q5.what will be output of following Python code:</strong></p>\r\n\r\n<p dir=\"ltr\">print(0xA + 0xB + 0xC)</p>\r\n\r\n<p dir=\"ltr\" role=\"presentation\"><strong>Options: </strong>0xA0xB0xC , Error , 0x22 , 33</p>\r\n\r\n<p dir=\"ltr\"><strong>Answer</strong>: The correct option is 33. 0xA and 0xB and 0xC are hexadecimal integer literal representing the decimal values 10, 11 and 12 respectively. Their sum is 33.</p>\r\n\r\n<p dir=\"ltr\">Looking forward to seeing you answering the next Friday&#39;s quiz.</p>\r\n\r\n<p dir=\"ltr\">&nbsp;</p>\r\n\r\n<p dir=\"ltr\">Thank you,<br />\r\nSaketh<br />\r\n<a href=\"https://codegnan.com/courses/?utm_source=weeklyquiz&amp;utm_medium=email&amp;utm_campaign=Courses\">200 Hours of Courses - Details</a></p>\r\n\r\n<p>&nbsp;</p>\r\n</body>\r\n</html>\r\n','','1602913820',17,'',17,NULL,'77:US,76:US,38:US,48:US,72:US,42:US,70:US,40:US,54:US,70:US,73:US,73:US,73:US',1,NULL,NULL,'','','2','',NULL,NULL,0,0,1,1),(4,1,2,'Codegnan','info@codegnan.com','info@codegnan.com','Python Quiz Answers and Explanation','','','<html>\r\n<head>\r\n	<title></title>\r\n</head>\r\n<body>\r\n<p>Hello [Name],</p>\r\n\r\n<p>Hope you are having a nice weekend! As you might already knew, we have been doing these weekly quizes and giving away 2000 INR off on our courses to people who answers all the questions right on every Friday of that month.<br />\r\n<br />\r\nTo not miss the chance, Hit the &#39;<a href=\"https://m.me/codegnan?ref=:t-1601018222458\">Notify Me</a>&#39; to get the quiz in your Messenger on every Friday!<br />\r\n<br />\r\nBy the way, the dates for the next batch Machine Learning and Augmented Reality courses were announced. <a href=\"https://codegnan.com/courses/?utm_source=weeklyquiz&amp;utm_medium=email&amp;utm_campaign=Courses\">Click here</a> to check out full length course structures in detail!</p>\r\n\r\n<p>You received this email because you have answered all the questions on Friday in the quiz bot and opted for explanations. Here you go!</p>\r\n\r\n<p dir=\"ltr\"><br />\r\n<strong>Q1. What is the output of the following program?</strong><br />\r\nD = dict()<br />\r\nfor x in enumerate(range(2)):<br />\r\n&nbsp; D[x[0]] = x[1]<br />\r\n&nbsp; D[x[1]+7] = x[0]<br />\r\nprint(D)</p>\r\n\r\n<p dir=\"ltr\"><strong>Options: </strong> <meta charset=\"utf-8\">&nbsp;KeyError , <meta charset=\"utf-8\">{0: 1, 7: 0, 1: 1, 8: 0} , <meta charset=\"utf-8\">{0: 0, 7: 0, 1: 1, 8: 1}&nbsp; , <meta charset=\"utf-8\">{1: 1, 7: 2, 0: 1, 8: 1}</p>\r\n\r\n<p dir=\"ltr\"><strong>Answer</strong>: The correct answer is <meta charset=\"utf-8\">{0: 1, 7: 0, 1: 1, 8: 0}. Because,</p>\r\n\r\n<p dir=\"ltr\">enumerate will give tuples (0,0) in the first iteration and (1,1) in the second iteration.&nbsp;</p>\r\n\r\n<p dir=\"ltr\"><strong>Q2. What will be the output of the following Python code?</strong><br />\r\nX = [12,34]<br />\r\nprint(len(&lsquo; &rsquo;.join(list(map(int,x))))</p>\r\n\r\n<p dir=\"ltr\"><strong>Options</strong>: 4 , 2 , Error , None</p>\r\n\r\n<p dir=\"ltr\"><strong>Answer</strong>: The correct option is Error. Because, <meta charset=\"utf-8\">Cannot perform join on a list of ints</p>\r\n\r\n<p><br />\r\n<strong>Q3. What will be the output of the following Python code?</strong><br />\r\nimport re<br />\r\nprint(re.subn(&#39;A&#39;, &#39;X&#39;, &#39;AAAAAA&#39;, count=4))</p>\r\n\r\n<p dir=\"ltr\"><strong>Options</strong>:&nbsp; <meta charset=\"utf-8\">&lsquo;XXXXAA, 4&rsquo;&nbsp; ,&nbsp; (&lsquo;AAAAAA&rsquo;, 4) , (&lsquo;XXXXAA&rsquo;, 4) , <meta charset=\"utf-8\">&lsquo;AAAAAA, 4&rsquo;</p>\r\n\r\n<p dir=\"ltr\"><strong>Answer:</strong> The correct option is (&lsquo;XXXXAA&rsquo;, 4). Because, <meta charset=\"utf-8\">The line of code shown above demonstrates the function re.subn. This function is very similar to the function re.sub except that in the former, a tuple is returned instead of a string. The output of the code shown above is: (&lsquo;XXXXAA&rsquo;, 4).</p>\r\n\r\n<p><br />\r\n<strong>Q4.&nbsp; What will be the output of the following Python code?</strong><br />\r\n&nbsp; A = [[1, 2, 3],<br />\r\n&nbsp;&nbsp;&nbsp;&nbsp;&nbsp;&nbsp;&nbsp; [4, 5, 6],<br />\r\n&nbsp;&nbsp;&nbsp;&nbsp;&nbsp;&nbsp;&nbsp; [7, 8, 9]]<br />\r\n&nbsp;<br />\r\nprint([[col + 10 for col in row] for row in A])</p>\r\n\r\n<p dir=\"ltr\"><strong>Options</strong>: [[11, 12, 13], [14, 15, 16], [17, 18, 19]] , Error , <meta charset=\"utf-8\">[11, 12, 13], [14, 15, 16], [17, 18, 19] , <meta charset=\"utf-8\">[11, 12, 13, 14, 15, 16, 17, 18, 19]</p>\r\n\r\n<p dir=\"ltr\"><strong>Answer</strong>: The correct option is[[11, 12, 13], [14, 15, 16], [17, 18, 19]]. Because, <meta charset=\"utf-8\">The code shown above shows a list comprehension which adds 10 to each element of the matrix A and prints it row-wise. Hence the output of the code is: [[11, 12, 13], [14, 15, 16], [17, 18, 19]]</p>\r\n\r\n<p dir=\"ltr\"><br />\r\n<strong>Q5. Find the output of the code ?</strong><br />\r\ndef f(a, b = 1, c = 2):<br />\r\n&nbsp;&nbsp; print(&#39;a is: &#39;,a, &#39;b is: &#39;, b, &#39;c is: &#39;, c)<br />\r\nf(2, c = 2)<br />\r\nf(c = 100, a = 110)</p>\r\n\r\n<p dir=\"ltr\"><strong>Options</strong>:<br />\r\n<br />\r\n1.&nbsp; a is: 2 b is: 1 c is: 2<br />\r\n&nbsp;&nbsp;&nbsp;&nbsp; a is: 110 b is: 1 c is: 100</p>\r\n\r\n<p dir=\"ltr\">&nbsp;</p>\r\n\r\n<p dir=\"ltr\"><meta charset=\"utf-8\">2.&nbsp; a is: 2 b is: 2 c is: 2<br />\r\n&nbsp;&nbsp;&nbsp;&nbsp; a is: 110 b is: 2 c is: 100</p>\r\n\r\n<p><meta charset=\"utf-8\"></p>\r\n\r\n<p dir=\"ltr\" role=\"presentation\">3.&nbsp; a is: 0 b is: 2 c is: 2<br />\r\n&nbsp;&nbsp;&nbsp;&nbsp; a is: 110 b is: 0 c is: 100</p>\r\n\r\n<p dir=\"ltr\">4.&nbsp; a is: 110 b is: 0 c is: 100<br />\r\n&nbsp;&nbsp;&nbsp;&nbsp; a is: 110 b is: 0 c is: 100</p>\r\n\r\n<p dir=\"ltr\"><strong>Answer</strong>: The correct option is option 1.</p>\r\n\r\n<p dir=\"ltr\">while calling f(2, c = 2) ,a is initialized with 2 and b is initialized with 1 by default and c is initialised with 2 and prints a is: 2 b is: 1 c is: 2 , while calling f(c = 100, a = 110) , a is initialized with 110 and c is initialized with 100 through initializing it&rsquo;s attributes and b initialized with 1 by default and prints&nbsp; a is: 110 b is: 1 c is: 100</p>\r\n\r\n<p dir=\"ltr\">Looking forward to seeing you answering the next Friday&#39;s quiz.</p>\r\n\r\n<p dir=\"ltr\">&nbsp;</p>\r\n\r\n<p dir=\"ltr\">Thank you,<br />\r\nSaketh<br />\r\n<a href=\"https://codegnan.com/courses/?utm_source=weeklyquiz&amp;utm_medium=email&amp;utm_campaign=Courses\">200 Hours of Courses - Details</a></p>\r\n\r\n<p>&nbsp;</p>\r\n</body>\r\n</html>\r\n','','1603529705',14,'',14,NULL,'138:,139:US,38:US',1,NULL,NULL,'','','3','',NULL,NULL,0,0,1,1),(5,1,2,'Codegnan','info@codegnan.com','info@codegnan.com','Python Quiz Answers and Explanation','','','<html>\r\n<head>\r\n	<title></title>\r\n</head>\r\n<body>\r\n<p>Hello Codegnan,</p>\r\n\r\n<p>Hope you are having a nice weekend! As you might already knew, we have been doing these weekly quizes and giving away 2000 INR off on our courses to people who answers all the questions right on every Friday of that month.<br />\r\n<br />\r\nTo not miss the chance, Hit the &#39;<a href=\"https://m.me/codegnan?ref=:t-1601018222458\">Notify Me</a>&#39; to get the quiz in your Messenger on every Friday!<br />\r\n<br />\r\nBy the way, the dates for the next batch Machine Learning and Augmented Reality courses were announced. <a href=\"https://codegnan.com/courses/?utm_source=weeklyquiz&amp;utm_medium=email&amp;utm_campaign=Courses\">Click here</a> to check out full length course structures in detail!</p>\r\n\r\n<p>You received this email because you have answered all the questions on Friday in the quiz bot and opted for explanations. Here you go!</p>\r\n\r\n<p dir=\"ltr\"><br />\r\n<strong>Q1. What is the output of the following program?</strong></p>\r\n\r\n<p dir=\"ltr\">def to_upper(k):</p>\r\n\r\n<p dir=\"ltr\">&nbsp;&nbsp;&nbsp;&nbsp;k.upper()</p>\r\n\r\n<p dir=\"ltr\">x = [&#39;ab&#39;, &#39;cd&#39;]</p>\r\n\r\n<p dir=\"ltr\">print(list(map(to_upper, x)))</p>\r\n\r\n<p dir=\"ltr\"><strong>Options: </strong> &nbsp; [&lsquo;AB&rsquo;, &lsquo;CD&rsquo;] , [&lsquo;ab&rsquo;, &lsquo;cd&rsquo;] , none of the mentioned&nbsp; , error</p>\r\n\r\n<p dir=\"ltr\"><strong>Answer</strong>: The correct answer is none. Because, a list of Nones is printed as to_upper() returns None.</p>\r\n\r\n<p dir=\"ltr\"><br />\r\n<strong>Q2. What will be the output of the following Python code?</strong></p>\r\n\r\n<p dir=\"ltr\">&nbsp;</p>\r\n\r\n<p dir=\"ltr\">class Truth:</p>\r\n\r\n<p dir=\"ltr\">pass</p>\r\n\r\n<p dir=\"ltr\">x=Truth()</p>\r\n\r\n<p dir=\"ltr\">print(bool(x))</p>\r\n\r\n<p dir=\"ltr\"><strong>Options</strong>: Pass , True , False , error</p>\r\n\r\n<p dir=\"ltr\"><strong>Answer</strong>: The correct option is True. Because, If the truth method is not defined, the object is considered true. Hence the output of the code shown above is true.</p>\r\n\r\n<p><br />\r\n<strong>Q3. What is the value of the following expression?</strong><br />\r\n24//6%3, 24//4//2</p>\r\n\r\n<p dir=\"ltr\"><strong>Options</strong>:&nbsp; (1,3) , (0,3) , (1,0) , (3,1)</p>\r\n\r\n<p dir=\"ltr\"><strong>Answer:</strong> The correct option is (1,3). Because, The expressions are evaluated as: 4%3 and 6//2 respectively. This results in the answer (1,3). This is because the associativity of both of the expressions shown above is left to right.</p>\r\n\r\n<p dir=\"ltr\"><br />\r\n<strong>Q4.&nbsp; What will be the output of the code shown below?</strong><br />\r\n&nbsp;<br />\r\nimport math</p>\r\n\r\n<p dir=\"ltr\">print([str(round(math.pi)) for i in range (1, 6)])</p>\r\n\r\n<p dir=\"ltr\"><strong>Options</strong>:<br />\r\n[&lsquo;3&rsquo;, &lsquo;3&rsquo;, &lsquo;3&rsquo;, &lsquo;3&rsquo;, &lsquo;3&rsquo;, &lsquo;3&rsquo;] ,<br />\r\n[&lsquo;3.1&rsquo;, &lsquo;3.14&rsquo;, &lsquo;3.142&rsquo;, &lsquo;3.1416&rsquo;, &lsquo;3.14159&rsquo;, &lsquo;3.141582&rsquo;]&nbsp; ,<br />\r\n[&lsquo;3&rsquo;, &lsquo;3&rsquo;, &lsquo;3&rsquo;, &lsquo;3&rsquo;, &lsquo;3&rsquo;]&nbsp; , &nbsp;<br />\r\n[&lsquo;3.1&rsquo;, &lsquo;3.14&rsquo;, &lsquo;3.142&rsquo;, &lsquo;3.1416&rsquo;, &lsquo;3.14159&rsquo;]</p>\r\n\r\n<p dir=\"ltr\"><strong>Answer</strong>: The correct option is [&lsquo;3&rsquo;, &lsquo;3&rsquo;, &lsquo;3&rsquo;, &lsquo;3&rsquo;, &lsquo;3&rsquo;]. Because, The list comprehension shown above rounds off pi(3.141) and returns its value, that is 3. This is done 5 times. Hence the output is: [&lsquo;3&rsquo;, &lsquo;3&rsquo;, &lsquo;3&rsquo;, &lsquo;3&rsquo;, &lsquo;3&rsquo;].</p>\r\n\r\n<p dir=\"ltr\"><br />\r\n<strong>Q5. Find the output of the following?</strong><br />\r\nprint(&#39;xyyxyyxyxyxxy&#39;.replace(&#39;xy&#39;, &#39;12&#39;, 100))</p>\r\n\r\n<p dir=\"ltr\"><strong>Options</strong>: xyyxyyxyxyxxy&nbsp; , 12y12y1212x12&nbsp; , none of the mentioned , error</p>\r\n\r\n<p dir=\"ltr\"><strong>Answer</strong>: The correct option is option 12y12y1212x12&nbsp;.</p>\r\n\r\n<p dir=\"ltr\">The first 100 occurences of the given substring are replaced.</p>\r\n\r\n<p dir=\"ltr\">Looking forward to seeing you answering the next Friday&#39;s quiz.</p>\r\n\r\n<p dir=\"ltr\">&nbsp;</p>\r\n\r\n<p dir=\"ltr\">Thank you,<br />\r\nSaketh<br />\r\n<a href=\"https://codegnan.com/courses/?utm_source=weeklyquiz&amp;utm_medium=email&amp;utm_campaign=Courses\">200 Hours of Courses - Details</a></p>\r\n\r\n<p>&nbsp;</p>\r\n\r\n<p>&nbsp;</p>\r\n\r\n<p>&nbsp;</p>\r\n</body>\r\n</html>\r\n','','1604109165',14,'',14,NULL,'158:CA,42:US,160:US,61:US,162:US,38:US,42:US,70:US',1,NULL,NULL,'','','4','',NULL,NULL,0,0,1,1),(6,1,2,'Codegnan','info@codegnan.com','info@codegnan.com','What is your Friday\\\'s Python Quiz Score','','','<html>\r\n<head>\r\n	<title></title>\r\n</head>\r\n<body>\r\n<p>Hello [Name],</p>\r\n\r\n<p>Hope you are enjoying the weekly Python quiz!</p>\r\n\r\n<p>We have been doing these weekly quizes and giving away 2000 INR off on our courses to people who answers all the questions right on every Friday of that month.</p>\r\n\r\n<p>Since yesterday was the first Friday of November, continue answering the next three Fridays as well.<br />\r\n<br />\r\nTo not miss the chance, Hit the &#39;<a href=\"https://m.me/codegnan?ref=:t-1601018222458\">Notify Me</a>&#39; to get the quiz in your Messenger on every Friday!<br />\r\n<br />\r\nBy the way, the dates for the next batch Machine Learning and Augmented Reality courses were announced. <a href=\"https://codegnan.com/courses/?utm_source=weeklyquiz&amp;utm_medium=email&amp;utm_campaign=Courses\">Click here</a> to check out full length course structures in detail!</p>\r\n\r\n<p>You received this email because you have answered all the questions on Friday in the quiz bot and opted for explanations. Here you go!</p>\r\n\r\n<p dir=\"ltr\"><br />\r\n<strong>Q1. What is the output after the following statements?</strong></p>\r\n\r\n<p dir=\"ltr\">for i in range(1,25,0.5):<br />\r\n&nbsp;&nbsp;&nbsp;&nbsp;&nbsp;&nbsp; print(i, end=&#39; &#39;)</p>\r\n\r\n<p dir=\"ltr\"><strong>Options:&nbsp; </strong></p>\r\n\r\n<p dir=\"ltr\">a. 1 6 11 16 21&nbsp;</p>\r\n\r\n<p>b. error</p>\r\n\r\n<p dir=\"ltr\">c. 1 5 25&nbsp;</p>\r\n\r\n<p dir=\"ltr\">d. 16111621&nbsp;</p>\r\n\r\n<p dir=\"ltr\"><strong>Answer</strong>: The correct answer is error. Because, we cannot give the step size as floating point in range function.</p>\r\n\r\n<p dir=\"ltr\"><br />\r\n<strong>Q2. What will be the output after the following statements?</strong></p>\r\n\r\n<p dir=\"ltr\">x = [&#39;P&#39;, &#39;y&#39;, &#39;t&#39;, &#39;h&#39;, &#39;o&#39;, &#39;n&#39;]<br />\r\nfor i in enumerate(x):<br />\r\n&nbsp;&nbsp;&nbsp;&nbsp;&nbsp;&nbsp; print(i, end=&#39;&#39;)</p>\r\n\r\n<p dir=\"ltr\"><strong>Options</strong>:</p>\r\n\r\n<p dir=\"ltr\">a. (&#39;P&#39;)(&#39;y&#39;)(&#39;t&#39;)(&#39;h&#39;)(&#39;o&#39;)(&#39;n&#39;)&nbsp;</p>\r\n\r\n<p dir=\"ltr\">b. ( &#39;P&#39;,0),( &#39;y&#39;,1),(&#39;t&#39;,2),(&#39;h&#39;,3),(&#39;o&#39;,4),(&#39;n&#39;,5)</p>\r\n\r\n<p dir=\"ltr\">c. &lsquo;Python&rsquo;&nbsp;</p>\r\n\r\n<p dir=\"ltr\">d. (0, &#39;P&#39;)(1, &#39;y&#39;)(2, &#39;t&#39;)(3, &#39;h&#39;)(4, &#39;o&#39;)(5, &#39;n&#39;)</p>\r\n\r\n<p dir=\"ltr\"><strong>Answer</strong>: The correct answer is d.</p>\r\n\r\n<p><br />\r\n<strong>Q3. What is the output after the following statements?</strong><br />\r\n<br />\r\nx = [&#39;p&#39;, &#39;y&#39;, &#39;t&#39;, &#39;h&#39;, &#39;o&#39;, &#39;n&#39;]<br />\r\ny = [&#39;0&#39;, &#39;1&#39;, &#39;2&#39;, &#39;3&#39;, &#39;4&#39;, &#39;5&#39;]<br />\r\nfor i in zip(x, y):<br />\r\n&nbsp;&nbsp;&nbsp;&nbsp; print(i, end=&#39;&#39;)</p>\r\n\r\n<p dir=\"ltr\"><strong>Options</strong>:&nbsp;</p>\r\n\r\n<p dir=\"ltr\">a. (&#39;P&#39;)(&#39;y&#39;)(&#39;t&#39;)(&#39;h&#39;)(&#39;o&#39;)(&#39;n&#39;)&nbsp;</p>\r\n\r\n<p dir=\"ltr\">b. python 0 1 2 3 4 5&nbsp;</p>\r\n\r\n<p dir=\"ltr\">c. (&#39;p&#39;, &#39;0&#39;)(&#39;y&#39;, &#39;1&#39;)(&#39;t&#39;, &#39;2&#39;)(&#39;h&#39;, &#39;3&#39;)(&#39;o&#39;, &#39;4&#39;)(&#39;n&#39;, &#39;5&#39;)&nbsp;</p>\r\n\r\n<p dir=\"ltr\">d. (0, &#39;P&#39;)(1, &#39;y&#39;)(2, &#39;t&#39;)(3, &#39;h&#39;)(4, &#39;o&#39;)(5, &#39;n&#39;)</p>\r\n\r\n<p dir=\"ltr\"><strong>Answer:</strong> The correct c. Because, zip function binds the element from x and y and returns a tuple.</p>\r\n\r\n<p dir=\"ltr\"><br />\r\n<strong>Q4.&nbsp; What will be the output after the following statements</strong>?<br />\r\n<br />\r\n&nbsp;x = &#39;Python&#39;<br />\r\nprint(x.join(&#39;33&#39;))</p>\r\n\r\n<p dir=\"ltr\"><strong>Options</strong>: Python33 ,&nbsp; 3Python3 , Python3 , Python 33</p>\r\n\r\n<p dir=\"ltr\"><strong>Answer</strong>: The correct answer is 3Python3. Because, join function on strings will add the given string (X) between the string 33.</p>\r\n\r\n<p dir=\"ltr\"><br />\r\n<strong>Q5. What will be the output after the following statements?</strong><br />\r\na = True<br />\r\nb = False<br />\r\nc = &#39;a&#39; if (b == 0) else &#39;b&#39;;print(c)</p>\r\n\r\n<p dir=\"ltr\"><strong>Options</strong>: True , False , a , error</p>\r\n\r\n<p dir=\"ltr\"><strong>Answer</strong>: The correct answer is a. The if statement evaluates to True as False is considered 0. So it will print a as the output.</p>\r\n\r\n<p dir=\"ltr\">&nbsp;</p>\r\n\r\n<p dir=\"ltr\">Looking forward to seeing you answering the next Friday&#39;s quiz.</p>\r\n\r\n<p dir=\"ltr\">To get a reminder, <a href=\"http://m.me/codegnan?ref=:t-1601018222458\">Click Here</a></p>\r\n\r\n<p dir=\"ltr\">&nbsp;</p>\r\n\r\n<p dir=\"ltr\">Thank you,<br />\r\nSaketh<br />\r\n<a href=\"https://codegnan.com/courses/?utm_source=weeklyquiz&amp;utm_medium=email&amp;utm_campaign=Courses\">200 Hours of Courses - Details</a></p>\r\n\r\n<p>&nbsp;</p>\r\n\r\n<p dir=\"ltr\">b. error</p>\r\n\r\n<p dir=\"ltr\">c. 1 5 25&nbsp;</p>\r\n\r\n<p dir=\"ltr\">d. 16111621&nbsp;</p>\r\n\r\n<p dir=\"ltr\"><strong>Answer</strong>: The correct answer is error. Because, we cannot give the step size as floating point in range function.</p>\r\n\r\n<p dir=\"ltr\"><br />\r\n<strong>Q2. What will be the output after the following statements?</strong></p>\r\n\r\n<p dir=\"ltr\">x = [&#39;P&#39;, &#39;y&#39;, &#39;t&#39;, &#39;h&#39;, &#39;o&#39;, &#39;n&#39;]<br />\r\nfor i in enumerate(x):<br />\r\n&nbsp;&nbsp;&nbsp;&nbsp;&nbsp;&nbsp; print(i, end=&#39;&#39;)</p>\r\n\r\n<p dir=\"ltr\"><strong>Options</strong>:</p>\r\n\r\n<p dir=\"ltr\">a. (&#39;P&#39;)(&#39;y&#39;)(&#39;t&#39;)(&#39;h&#39;)(&#39;o&#39;)(&#39;n&#39;)&nbsp;</p>\r\n\r\n<p dir=\"ltr\">b. ( &#39;P&#39;,0),( &#39;y&#39;,1),(&#39;t&#39;,2),(&#39;h&#39;,3),(&#39;o&#39;,4),(&#39;n&#39;,5)</p>\r\n\r\n<p dir=\"ltr\">c. &lsquo;Python&rsquo;&nbsp;</p>\r\n\r\n<p dir=\"ltr\">d. (0, &#39;P&#39;)(1, &#39;y&#39;)(2, &#39;t&#39;)(3, &#39;h&#39;)(4, &#39;o&#39;)(5, &#39;n&#39;)</p>\r\n\r\n<p dir=\"ltr\"><strong>Answer</strong>: The correct answer is d.</p>\r\n\r\n<p><br />\r\n<strong>Q3. What is the output after the following statements?</strong><br />\r\n<br />\r\nx = [&#39;p&#39;, &#39;y&#39;, &#39;t&#39;, &#39;h&#39;, &#39;o&#39;, &#39;n&#39;]<br />\r\ny = [&#39;0&#39;, &#39;1&#39;, &#39;2&#39;, &#39;3&#39;, &#39;4&#39;, &#39;5&#39;]<br />\r\nfor i in zip(x, y):<br />\r\n&nbsp;&nbsp;&nbsp;&nbsp; print(i, end=&#39;&#39;)</p>\r\n\r\n<p dir=\"ltr\"><strong>Options</strong>:&nbsp;</p>\r\n\r\n<p dir=\"ltr\">a. (&#39;P&#39;)(&#39;y&#39;)(&#39;t&#39;)(&#39;h&#39;)(&#39;o&#39;)(&#39;n&#39;)&nbsp;</p>\r\n\r\n<p dir=\"ltr\">b. python 0 1 2 3 4 5&nbsp;</p>\r\n\r\n<p dir=\"ltr\">c. (&#39;p&#39;, &#39;0&#39;)(&#39;y&#39;, &#39;1&#39;)(&#39;t&#39;, &#39;2&#39;)(&#39;h&#39;, &#39;3&#39;)(&#39;o&#39;, &#39;4&#39;)(&#39;n&#39;, &#39;5&#39;)&nbsp;</p>\r\n\r\n<p dir=\"ltr\">d. (0, &#39;P&#39;)(1, &#39;y&#39;)(2, &#39;t&#39;)(3, &#39;h&#39;)(4, &#39;o&#39;)(5, &#39;n&#39;)</p>\r\n\r\n<p dir=\"ltr\"><strong>Answer:</strong> The correct c. Because, zip function binds the element from x and y and returns a tuple.</p>\r\n\r\n<p dir=\"ltr\"><br />\r\n<strong>Q4.&nbsp; What will be the output after the following statements</strong>?<br />\r\n<br />\r\n&nbsp;x = &#39;Python&#39;<br />\r\nprint(x.join(&#39;33&#39;))</p>\r\n\r\n<p dir=\"ltr\"><strong>Options</strong>: Python33 ,&nbsp; 3Python3 , Python3 , Python 33</p>\r\n\r\n<p dir=\"ltr\"><strong>Answer</strong>: The correct answer is 3Python3. Because, join function on strings will add the given string (X) between the string 33.</p>\r\n\r\n<p dir=\"ltr\"><br />\r\n<strong>Q5. What will be the output after the following statements?</strong><br />\r\na = True<br />\r\nb = False<br />\r\nc = &#39;a&#39; if (b == 0) else &#39;b&#39;;print(c)</p>\r\n\r\n<p dir=\"ltr\"><strong>Options</strong>: True , False , a , error</p>\r\n\r\n<p dir=\"ltr\"><strong>Answer</strong>: The correct answer is a.</p>\r\n\r\n<p dir=\"ltr\">The if statement evaluates to True as False is considered 0. So it will print a as the output.</p>\r\n\r\n<p dir=\"ltr\">Looking forward to seeing you answering the next Friday&#39;s quiz.</p>\r\n\r\n<p dir=\"ltr\">To get a reminder, <a href=\"http://m.me/codegnan?ref=:t-1601018222458\">Click Here</a></p>\r\n\r\n<p dir=\"ltr\">&nbsp;</p>\r\n\r\n<p dir=\"ltr\">Thank you,<br />\r\nSaketh<br />\r\n<a href=\"https://codegnan.com/courses/?utm_source=weeklyquiz&amp;utm_medium=email&amp;utm_campaign=Courses\">200 Hours of Courses - Details</a></p>\r\n\r\n<p>&nbsp;</p>\r\n</body>\r\n</html>\r\n','','1604894200',7,'',7,NULL,'36:US,51:CA,162:US,176:US,51:US',1,NULL,NULL,'','','5','',NULL,NULL,0,0,1,1),(7,1,2,'Codegnan','info@codegnan.com','info@codegnan.com','What is your Friday\\\'s Python Quiz Score','','','<html>\r\n<head>\r\n	<title></title>\r\n</head>\r\n<body>\r\n<p>Hello [Name],</p>\r\n\r\n<p>Hope you are enjoying the weekly Python quiz!</p>\r\n\r\n<p>We have been doing these weekly quizes and giving away 2000 INR off on our courses to people who answers all the questions right on every Friday of that month.</p>\r\n\r\n<p>To not miss the chance, Hit the &#39;<a href=\"https://m.me/codegnan?ref=:t-1601018222458\">Notify Me</a>&#39; to get the quiz in your Messenger on every Friday!<br />\r\n<br />\r\nBy the way, the dates for the next batch Machine Learning and Augmented Reality courses were announced. <a href=\"https://codegnan.com/courses/?utm_source=weeklyquiz&amp;utm_medium=email&amp;utm_campaign=Courses\">Click here</a> to check out full length course structures in detail!</p>\r\n\r\n<p>You received this email because you have answered all the questions on Friday in the quiz bot and opted for explanations. Here you go!</p>\r\n\r\n<p dir=\"ltr\"><br />\r\n<strong>Q1. What is the output after the following Python code?</strong></p>\r\n\r\n<p dir=\"ltr\">a = {10,23,45,89,90}</p>\r\n\r\n<p dir=\"ltr\">b = {1,10,24,89,90}</p>\r\n\r\n<p dir=\"ltr\">print(a.symmetric_difference(b))</p>\r\n\r\n<p dir=\"ltr\"><strong>Options:&nbsp; </strong></p>\r\n\r\n<ol>\r\n	<li dir=\"ltr\">\r\n	<p dir=\"ltr\" role=\"presentation\">{1,23,24,45}</p>\r\n	</li>\r\n	<li dir=\"ltr\">\r\n	<p dir=\"ltr\" role=\"presentation\">{23,45}</p>\r\n	</li>\r\n	<li dir=\"ltr\">\r\n	<p dir=\"ltr\" role=\"presentation\">{1,10,23,24,45,89,90}</p>\r\n	</li>\r\n	<li dir=\"ltr\">\r\n	<p dir=\"ltr\" role=\"presentation\">Error</p>\r\n	</li>\r\n</ol>\r\n\r\n<p dir=\"ltr\">Answer: The correct answer is<meta charset=\"utf-8\"> {1,23,24,45}. Because, <meta charset=\"utf-8\">symmetric_difference() will return a set with the elements that are there in either a or b but not in both</p>\r\n\r\n<p dir=\"ltr\"><br />\r\n<strong>Q2. What will be the output after the following Python code?</strong></p>\r\n\r\n<p dir=\"ltr\" role=\"presentation\">x = [i**+1 for i in range(3)]; print(x);</p>\r\n\r\n<p dir=\"ltr\"><strong>Options</strong>: <meta charset=\"utf-8\"></p>\r\n\r\n<ol>\r\n	<li dir=\"ltr\">\r\n	<p dir=\"ltr\" role=\"presentation\">[0,1,2]</p>\r\n	</li>\r\n	<li dir=\"ltr\">\r\n	<p dir=\"ltr\" role=\"presentation\">error,**+ is not valid operator</p>\r\n	</li>\r\n	<li dir=\"ltr\">\r\n	<p dir=\"ltr\" role=\"presentation\">error, ; is not allowed</p>\r\n	</li>\r\n	<li dir=\"ltr\">\r\n	<p dir=\"ltr\" role=\"presentation\">[1,2,5]</p>\r\n	</li>\r\n</ol>\r\n\r\n<p><strong>Answer</strong>: The correct answer is [0,1,2]. Because, i**+1 is evaluated as (i)**(+1).</p>\r\n\r\n<p dir=\"ltr\" role=\"presentation\"><br />\r\n<strong>Q3. What is the output after the following Python code?</strong><br />\r\n<br />\r\n<meta charset=\"utf-8\"> l1=[1,2,3]</p>\r\n\r\n<p dir=\"ltr\" role=\"presentation\">l2=[4,5,6]</p>\r\n\r\n<p dir=\"ltr\" role=\"presentation\">x = [sum(x*y) for x in l1 for y in l2]</p>\r\n\r\n<p dir=\"ltr\" role=\"presentation\">print(x)</p>\r\n\r\n<p dir=\"ltr\" role=\"presentation\"><strong>Options</strong>: 90 ,&nbsp; [4,10,18] , [4,5,6,8,10,12,12,15,18] , Error</p>\r\n\r\n<p><strong>Answer:</strong> The correct answer is Error. Because, int object is not iterable we cannot do sum(x*y)</p>\r\n\r\n<p dir=\"ltr\" role=\"presentation\"><br />\r\n<strong>Q4.&nbsp; What will be the output after the following Python Code</strong>?<br />\r\n<br />\r\n<meta charset=\"utf-8\">&nbsp;&nbsp;&nbsp;&nbsp;&nbsp;&nbsp;&nbsp;&nbsp;&nbsp; print(0xA + 0xB + 0xC)</p>\r\n\r\n<p>&nbsp;</p>\r\n\r\n<p dir=\"ltr\" role=\"presentation\"><strong>Options</strong>: <meta charset=\"utf-8\">0xA0xB0xC, Error, 0x22 , 33</p>\r\n\r\n<p dir=\"ltr\"><strong>Answer</strong>: The correct answer is 33. Because, <meta charset=\"utf-8\">0xA and 0xB and 0xC are hexadecimal integer literal representing the decimal values 10, 11 and 12 respectively. Their sum is 33.</p>\r\n\r\n<p dir=\"ltr\"><br />\r\n<strong>Q5. What will be the output of the following Python code snippet if X=1?</strong></p>\r\n\r\n<p dir=\"ltr\" role=\"presentation\">&nbsp;&nbsp;&nbsp;&nbsp;&nbsp;&nbsp;&nbsp; print(x&lt;&lt;2)</p>\r\n\r\n<p dir=\"ltr\"><strong>Options</strong>: 4, 2, 8, 1</p>\r\n\r\n<p dir=\"ltr\"><strong>Answer</strong>: The correct answer is 4. The binary form of 1 is 0001. The expression x&lt;&lt;2 implies we are performing a bitwise left shift on x. This shift yields the value: 0100, which is the binary form of the number 4.</p>\r\n\r\n<p dir=\"ltr\">&nbsp;</p>\r\n\r\n<p dir=\"ltr\">Looking forward to seeing you answering the next Friday&#39;s quiz.</p>\r\n\r\n<p dir=\"ltr\">To get a reminder, <a href=\"http://m.me/codegnan?ref=:t-1601018222458\">Click Here</a></p>\r\n\r\n<p dir=\"ltr\">&nbsp;</p>\r\n\r\n<p dir=\"ltr\">Thank you,<br />\r\nSaketh<br />\r\n<a href=\"https://codegnan.com/courses/?utm_source=weeklyquiz&amp;utm_medium=email&amp;utm_campaign=Courses\">200 Hours of Courses - Details</a></p>\r\n</body>\r\n</html>\r\n','','1605437015',5,'',5,NULL,'184:US,44:US,184:US',1,NULL,NULL,'','','6','',NULL,NULL,0,0,1,1),(8,1,2,'Codegnan','info@codegnan.com','info@codegnan.com','Here is the explanation to the Friday Python Quiz','','','<html>\r\n<head>\r\n	<title></title>\r\n</head>\r\n<body>\r\n<p>Hello [Name],</p>\r\n\r\n<p>Hope you are enjoying the weekly Python quiz!</p>\r\n\r\n<p>We have been doing these weekly quizes and giving away 2000 INR off on our courses to people who answers all the questions right on every Friday of that month.</p>\r\n\r\n<p>To not miss the chance, Hit the &#39;<a href=\"https://m.me/codegnan?ref=:t-1601018222458\">Notify Me</a>&#39; to get the quiz in your Messenger on every Friday!<br />\r\n<br />\r\nBy the way, the dates for the next batch Machine Learning and Augmented Reality courses were announced. <a href=\"https://codegnan.com/courses/?utm_source=weeklyquiz&amp;utm_medium=email&amp;utm_campaign=Courses\">Click here</a> to check out full length course structures in detail!</p>\r\n\r\n<p>You received this email because you have answered all the questions on Friday in the quiz bot and opted for explanations. Here you go!</p>\r\n\r\n<p dir=\"ltr\"><br />\r\n<strong>Q1. What is the output after the following Python code?</strong></p>\r\n\r\n<p dir=\"ltr\">d1={&quot;abc&quot;:5,&quot;def&quot;:6,&quot;ghi&quot;:7}</p>\r\n\r\n<p dir=\"ltr\">print(d1.get(&ldquo;ABC&rdquo;))</p>\r\n\r\n<p dir=\"ltr\"><strong>Options: </strong>abc , 5 , Error , None</p>\r\n\r\n<p dir=\"ltr\"><strong>Answer</strong>: None. The key ABC is not in the dictionary so it will return None.</p>\r\n\r\n<p dir=\"ltr\"><br />\r\n<strong>Q2. What will be the output after the following Python code?</strong></p>\r\n\r\n<p dir=\"ltr\">tupl=()</p>\r\n\r\n<p dir=\"ltr\">tupl1=tupl*2</p>\r\n\r\n<p dir=\"ltr\">print(len(tupl1))</p>\r\n\r\n<p dir=\"ltr\"><strong>Options</strong>: <meta charset=\"utf-8\">0 , 2 , 1 ,&nbsp; Error as tuple object has no attribute to len</p>\r\n\r\n<p><strong>Answer</strong>: The correct answer is 0 .</p>\r\n\r\n<p dir=\"ltr\"><br />\r\n<strong>Q3. What is the output after the following Python code?</strong><br />\r\n<br />\r\ndef function1(var1=5, var2=7):</p>\r\n\r\n<p dir=\"ltr\">&nbsp;&nbsp;&nbsp;&nbsp;var2=9</p>\r\n\r\n<p dir=\"ltr\">&nbsp;&nbsp;&nbsp;&nbsp;var1=3</p>\r\n\r\n<p dir=\"ltr\">&nbsp;&nbsp;&nbsp;&nbsp;print (var1, &quot; &quot;, var2)</p>\r\n\r\n<p dir=\"ltr\">A = function1(10,12)</p>\r\n\r\n<p dir=\"ltr\">print(A)</p>\r\n\r\n<p dir=\"ltr\" role=\"presentation\"><strong>Options</strong>: 5 7 , 3 9 , 10 12 , None</p>\r\n\r\n<p dir=\"ltr\"><strong>Answer:</strong> The correct answer is None. Because, the function is not returning anything so the output will be none.</p>\r\n\r\n<p dir=\"ltr\"><br />\r\n<strong>Q4.&nbsp; What will be the output after the following Python Code</strong>?<br />\r\n<br />\r\n<meta charset=\"utf-8\">def fn(var1):</p>\r\n\r\n<p dir=\"ltr\">&nbsp;&nbsp;&nbsp;&nbsp;var1.pop(1)</p>\r\n\r\n<p dir=\"ltr\">var1=[1,2,3]</p>\r\n\r\n<p dir=\"ltr\">fn(var1)</p>\r\n\r\n<p dir=\"ltr\">print(var1)</p>\r\n\r\n<p dir=\"ltr\" role=\"presentation\"><strong>Options</strong>: <meta charset=\"utf-8\">[1 2 3] , [1,3] , [2,3] , [1,2]</p>\r\n\r\n<p dir=\"ltr\"><strong>Answer</strong>: The correct answer is [1,2]. Because, pop will remove the last element from the list on priority basis as even pop removes according to index position.</p>\r\n\r\n<p dir=\"ltr\"><br />\r\n<strong>Q5. What will be the output of the following Python code snippet if X=1?</strong></p>\r\n\r\n<p dir=\"ltr\">tupl=([2,3],&quot;abc&quot;,0,9)</p>\r\n\r\n<p dir=\"ltr\">tupl[0][1]=1</p>\r\n\r\n<p dir=\"ltr\">print(tupl)</p>\r\n\r\n<p dir=\"ltr\"><strong>Options</strong>:</p>\r\n\r\n<p dir=\"ltr\">A. ([2,3],&quot;abc&quot;,0,9)</p>\r\n\r\n<p dir=\"ltr\">B. ([1,3],&quot;abc&quot;,0,9)</p>\r\n\r\n<p dir=\"ltr\">C. ([2,1],&quot;abc&quot;,0,9)</p>\r\n\r\n<p dir=\"ltr\">D. Error</p>\r\n\r\n<p dir=\"ltr\"><strong>Answer</strong>: The correct answer is C. Because, <meta charset=\"utf-8\">tupl[0] will give us the list and in that list we are changing the element at index 1 to 1.</p>\r\n\r\n<p dir=\"ltr\">Looking forward to seeing you answering the next Friday&#39;s quiz.</p>\r\n\r\n<p dir=\"ltr\">To get a reminder, <a href=\"http://m.me/codegnan?ref=:t-1601018222458\">Click Here</a></p>\r\n\r\n<p dir=\"ltr\">&nbsp;</p>\r\n\r\n<p dir=\"ltr\">Thank you,<br />\r\nSaketh<br />\r\n<a href=\"https://codegnan.com/courses/?utm_source=weeklyquiz&amp;utm_medium=email&amp;utm_campaign=Courses\">200 Hours of Courses - Details</a></p>\r\n\r\n<p>&nbsp;</p>\r\n</body>\r\n</html>\r\n','','1606117133',32,'',32,NULL,'44:US,191:US,208:CA,201:US,201:US,190:US,193:US,202:US,37:US,197:US,38:US,200:CA,54:CA,54:CA',1,NULL,NULL,'','','7','',NULL,NULL,0,0,1,1),(9,1,2,'Codegnan','info@codegnan.com','info@codegnan.com','What was your Friday\\\'s Python quiz score?','','','<html>\r\n<head>\r\n	<title></title>\r\n</head>\r\n<body>\r\n<p>Hello [Name],</p>\r\n\r\n<p>Hope you are enjoying the weekly Python quiz!</p>\r\n\r\n<p>We have been doing these weekly quizes and giving away 2000 INR off on our courses to people who answers all the questions right on every Friday of that month.</p>\r\n\r\n<p>To not miss the chance, Hit the &#39;<a href=\"https://m.me/codegnan?ref=:t-1601018222458\">Notify Me</a>&#39; to get the quiz in your Messenger on every Friday!<br />\r\n<br />\r\nBy the way, the dates for the next batch Machine Learning and Augmented Reality courses were announced. <a href=\"https://codegnan.com/courses/?utm_source=weeklyquiz&amp;utm_medium=email&amp;utm_campaign=Courses\">Click here</a> to check out full length course structures in detail!</p>\r\n\r\n<p>You received this email because you have answered all the questions on Friday in the quiz bot and opted for explanations. Here you go!</p>\r\n\r\n<p dir=\"ltr\"><br />\r\n<strong>Q1. What is the output after the following Python code?</strong></p>\r\n\r\n<p dir=\"ltr\">a&nbsp; = [10,20,8,9,23,9,25]</p>\r\n\r\n<p dir=\"ltr\">a.remove(9)</p>\r\n\r\n<p dir=\"ltr\">print(a[2 : 12])</p>\r\n\r\n<p dir=\"ltr\" role=\"presentation\"><strong>Options: </strong>Error , [8,23,9,25] , [8,23,25] , [20,8,9,23,9,25]</p>\r\n\r\n<p dir=\"ltr\"><strong>Answer</strong>:&nbsp; The right option is [8,23,9,25]. Because, a.remove(9) will remove the first occurrence of the&nbsp; specified element . And if we give the end index value larger than the length of the end index when slicing it is going to consider&nbsp; till the end index only.&nbsp;</p>\r\n\r\n<p dir=\"ltr\"><br />\r\n<strong>Q2. What will be the output after the following Python code?</strong></p>\r\n\r\n<p dir=\"ltr\">def my_gen():</p>\r\n\r\n<p dir=\"ltr\">&nbsp;&nbsp;&nbsp;&nbsp; n = 1</p>\r\n\r\n<p dir=\"ltr\">&nbsp;&nbsp;&nbsp;&nbsp; yield n</p>\r\n\r\n<p dir=\"ltr\">&nbsp;&nbsp;&nbsp;&nbsp; n += 5</p>\r\n\r\n<p dir=\"ltr\">&nbsp;&nbsp;&nbsp; yield n</p>\r\n\r\n<p dir=\"ltr\">a = my_gen()</p>\r\n\r\n<p dir=\"ltr\">print(next(a),next(a))</p>\r\n\r\n<p dir=\"ltr\" role=\"presentation\"><strong>Options</strong>: error , 1 7 ,&nbsp; 5 , 1 6</p>\r\n\r\n<p dir=\"ltr\">Answer: The correct answer is 1 6. Because, This is a generator function which works like an iterator so whenever we use the next function it is going to print the next value of n. Here we are using next in same line so it will be printed 1 6</p>\r\n\r\n<p dir=\"ltr\"><br />\r\n<strong>Q3. What is the output after the following Python code?</strong></p>\r\n\r\n<p dir=\"ltr\">a = &ldquo;Codegnan&rdquo;</p>\r\n\r\n<p dir=\"ltr\">a.upper()</p>\r\n\r\n<p dir=\"ltr\">print(a.find(&ldquo;O&rdquo;))</p>\r\n\r\n<p dir=\"ltr\" role=\"presentation\"><strong>Options</strong>: O , 1 , error , -1</p>\r\n\r\n<p dir=\"ltr\"><strong>Answer:</strong> The correct answer is -1. Because, - a.upper() is not going to make changes in our a. So when we query for &ldquo; O&rdquo; the output will be -1. As find returns -1 when the pattern/character is not present in the string.</p>\r\n\r\n<p dir=\"ltr\"><br />\r\n<strong>Q4.&nbsp; What will be the output after the following Python Code</strong>?</p>\r\n\r\n<p dir=\"ltr\">car = {&quot;brand&quot;: &quot;Ford&quot;,</p>\r\n\r\n<p dir=\"ltr\">&nbsp;&nbsp;&nbsp;&nbsp;&nbsp;&nbsp;&quot;model&quot;: &quot;Mustang&quot;,</p>\r\n\r\n<p dir=\"ltr\">&nbsp;&nbsp;&nbsp;&nbsp;&nbsp;&nbsp;&quot;year&quot;: 1964}</p>\r\n\r\n<p dir=\"ltr\">x = car.setdefault(&#39;model&#39;, &#39;Bronco&#39;)&nbsp;&nbsp;</p>\r\n\r\n<p dir=\"ltr\">print(x)</p>\r\n\r\n<p dir=\"ltr\" role=\"presentation\"><strong>Options</strong>: {&lsquo;model&rsquo; : &lsquo;Bronco&rsquo;} , Bronco , Mustang , {&ldquo;Brand&rdquo; : &ldquo;Ford&rdquo;, &ldquo;model&rdquo; : &ldquo;Bronco&rdquo;, &ldquo;year&rdquo; : 1964}</p>\r\n\r\n<p dir=\"ltr\"><strong>Answer</strong>: The correct answer is Mustang. Because, - setdefault() will return the Mustang as the key is there in our car dictionary.</p>\r\n\r\n<p dir=\"ltr\"><br />\r\n<strong>Q5. What will be the output of the following Python code?</strong></p>\r\n\r\n<p dir=\"ltr\">a = {&lsquo;Name&rsquo; : &lsquo;Rahul&rsquo;, &lsquo;Age&rsquo; : 23, &lsquo;Place&rsquo; : &lsquo;India&rsquo;}</p>\r\n\r\n<p dir=\"ltr\">print(a.get(&lsquo;City&rsquo;))</p>\r\n\r\n<p dir=\"ltr\" role=\"presentation\"><strong>Options</strong>: None ,&nbsp; -1 , {&lsquo;City&rsquo; : []} , error</p>\r\n\r\n<p dir=\"ltr\"><strong>Answer</strong>: The correct answer is None. Because, <strong><meta charset=\"utf-8\"></strong> <meta charset=\"utf-8\">The output of the above code is None&nbsp; as the key City is not present in the dictionary so it will return None.</p>\r\n\r\n<p dir=\"ltr\">Looking forward to seeing you answering the next Friday&#39;s quiz.</p>\r\n\r\n<p dir=\"ltr\">To get a reminder, <a href=\"http://m.me/codegnan?ref=:t-1601018222458\">Click Here</a></p>\r\n\r\n<p dir=\"ltr\">&nbsp;</p>\r\n\r\n<p dir=\"ltr\">Thank you,<br />\r\nSaketh<br />\r\n<a href=\"https://codegnan.com/courses/?utm_source=weeklyquiz&amp;utm_medium=email&amp;utm_campaign=Courses\">200 Hours of Courses - Details</a></p>\r\n\r\n<p>&nbsp;</p>\r\n</body>\r\n</html>\r\n','','1606710118',4,'',4,NULL,'222:US,37:CA',1,NULL,NULL,'','','8','',NULL,NULL,0,0,1,1),(10,1,2,'Codegnan','info@codegnan.com','info@codegnan.com','How much did you score in Friday\\\'s Python quiz?','','','<html>\r\n<head>\r\n	<title></title>\r\n</head>\r\n<body>\r\n<p>Hello [Name],</p>\r\n\r\n<p>Hope you are enjoying the weekly Python quiz!</p>\r\n\r\n<p>We have been doing these weekly quizes and giving away 2000 INR off on our courses to people who answers all the questions right on every Friday of that month.</p>\r\n\r\n<p>To not miss the chance, Hit the &#39;<a href=\"https://m.me/codegnan?ref=:t-1601018222458\">Notify Me</a>&#39; to get the quiz in your Messenger on every Friday!<br />\r\n<br />\r\nBy the way, the dates for the next batch Machine Learning and Augmented Reality courses were announced. <a href=\"https://codegnan.com/courses/?utm_source=weeklyquiz&amp;utm_medium=email&amp;utm_campaign=Courses\">Click here</a> to check out full length course structures in detail!</p>\r\n\r\n<p>You received this email because you have answered all the questions on Friday in the quiz bot and opted for explanations. Here you go!</p>\r\n\r\n<p dir=\"ltr\"><br />\r\n<strong>Q1. What is the output after the following Python code?</strong></p>\r\n\r\n<p dir=\"ltr\">&nbsp;sr=&#39;Gnan Stars&#39;</p>\r\n\r\n<p dir=\"ltr\">print(sr.rfind(&#39;s&#39;))</p>\r\n\r\n<p dir=\"ltr\" role=\"presentation\"><strong>Options: </strong>9 , 2 , 4 , 5</p>\r\n\r\n<p dir=\"ltr\"><strong>Answer</strong>:&nbsp; The right answer is 9. Because, <meta charset=\"utf-8\">finds the last occurrence of specified letter</p>\r\n\r\n<p dir=\"ltr\"><br />\r\n<strong>Q2. What will be the output after the following Python code?</strong></p>\r\n\r\n<p dir=\"ltr\">st = &lsquo;The quick brown fox jumps over the lazy dog&rsquo;</p>\r\n\r\n<p dir=\"ltr\">print(st.split().index(&lsquo;lazy&rsquo;))</p>\r\n\r\n<p dir=\"ltr\" role=\"presentation\"><strong>Options</strong>: -7 , 7 , 8 , 9</p>\r\n\r\n<p dir=\"ltr\">Answer: The correct answer is 7. Because, split will split each words into list and in list index of lazy is 7</p>\r\n\r\n<p dir=\"ltr\"><br />\r\n<strong>Q3. What is the output after the following Python code?</strong></p>\r\n\r\n<p dir=\"ltr\">L1 = [1,4,9]</p>\r\n\r\n<p dir=\"ltr\">print(L1.append([12,[10,11]]),end= &lsquo;&rsquo;)</p>\r\n\r\n<p dir=\"ltr\">print(L1.pop(),end= &lsquo;&rsquo;)</p>\r\n\r\n<p dir=\"ltr\" role=\"presentation\"><strong>Options</strong>: <meta charset=\"utf-8\"></p>\r\n\r\n<p dir=\"ltr\" role=\"presentation\">A. None [12,[10,11]]</p>\r\n\r\n<p dir=\"ltr\" role=\"presentation\">B. None</p>\r\n\r\n<p dir=\"ltr\" role=\"presentation\">C. [1,4,9]</p>\r\n\r\n<p dir=\"ltr\" role=\"presentation\">D. [1,4,9,[12,10]]</p>\r\n\r\n<p dir=\"ltr\">Answer: The correct option is A. Because, <meta charset=\"utf-8\">First print will give None and when we use pop it will pop the last element i.e [12,[10,11]] and print it.</p>\r\n\r\n<p dir=\"ltr\"><br />\r\n<strong>Q4.&nbsp; What will be the output after the following Python Code</strong>?</p>\r\n\r\n<p dir=\"ltr\">a = 2</p>\r\n\r\n<p dir=\"ltr\">b = 3</p>\r\n\r\n<p dir=\"ltr\">c = &lsquo;3.77&rsquo;</p>\r\n\r\n<p dir=\"ltr\">print(&lsquo;{0:.4f}&rsquo;.format(a,b,c))</p>\r\n\r\n<p dir=\"ltr\" role=\"presentation\"><strong>Options</strong>:&nbsp; Error , 2.0000 , 2 , 2.00</p>\r\n\r\n<p dir=\"ltr\"><strong>Answer</strong>: The correct answer is 2.0000. Because, .4f will convert the integer into decimal with 4 decimal places and in format we have passed 3 it will take the first value i.e., a.</p>\r\n\r\n<p dir=\"ltr\"><br />\r\n<strong>Q5. What will be the output of the following Python code?</strong></p>\r\n\r\n<p dir=\"ltr\">str1 = &ldquo;Hello Folks&rdquo;</p>\r\n\r\n<p dir=\"ltr\">print(str1.split()[0][: : -1])</p>\r\n\r\n<p dir=\"ltr\" role=\"presentation\"><strong>Options</strong>:&nbsp; Folks Hello , olleH , Hello Folks , skloF</p>\r\n\r\n<p dir=\"ltr\"><strong>Answer</strong>: The correct answer is olleH. Because, When we split it , it will give us list from the list we are selecting the element at position 0 and then reversing it</p>\r\n\r\n<p dir=\"ltr\">&nbsp;</p>\r\n\r\n<p dir=\"ltr\">Looking forward to seeing you answering the next Friday&#39;s quiz.</p>\r\n\r\n<p dir=\"ltr\">To get a reminder, <a href=\"http://m.me/codegnan?ref=:t-1601018222458\">Click Here</a></p>\r\n\r\n<p dir=\"ltr\">&nbsp;</p>\r\n\r\n<p dir=\"ltr\">Thank you,<br />\r\nSaketh<br />\r\n<a href=\"https://codegnan.com/courses/?utm_source=weeklyquiz&amp;utm_medium=email&amp;utm_campaign=Courses\">200 Hours of Courses - Details</a></p>\r\n\r\n<p>&nbsp;</p>\r\n</body>\r\n</html>\r\n','','1607399735',21,'',21,NULL,'237:US,205:US,77:US,238:US,211:US,229:US,37:US,235:US,233:US,139:US,234:US,207:US,222:US,42:US,239:US,237:US',1,NULL,NULL,'','','9','',NULL,NULL,0,0,1,1);
/*!40000 ALTER TABLE `campaigns` ENABLE KEYS */;
UNLOCK TABLES;

--
-- Table structure for table `links`
--

DROP TABLE IF EXISTS `links`;
/*!40101 SET @saved_cs_client     = @@character_set_client */;
/*!40101 SET character_set_client = utf8 */;
CREATE TABLE `links` (
  `id` int(11) unsigned NOT NULL AUTO_INCREMENT,
  `campaign_id` int(11) DEFAULT NULL,
  `ares_emails_id` int(11) DEFAULT NULL,
  `link` varchar(1500) DEFAULT NULL,
  `clicks` longtext,
  PRIMARY KEY (`id`)
) ENGINE=InnoDB AUTO_INCREMENT=25 DEFAULT CHARSET=utf8;
/*!40101 SET character_set_client = @saved_cs_client */;

--
-- Dumping data for table `links`
--

LOCK TABLES `links` WRITE;
/*!40000 ALTER TABLE `links` DISABLE KEYS */;
INSERT INTO `links` VALUES (1,NULL,7,'https://codegnan.com/sendy/l/xtlS2Vjnnq98DWJsvErztA/l7WnOGp2l0coLaytEGs0UA/JK763VUoKZeJIqqFMGcmOR6g',NULL),(2,NULL,7,'https://codegnan.com/sendy/l/xtlS2Vjnnq98DWJsvErztA/YmQ70L8RxI2DHDCiBG0bmw/JK763VUoKZeJIqqFMGcmOR6g',NULL),(3,1,NULL,'https://m.me/codegnan?ref=:t-1601018222458',NULL),(4,3,NULL,'https://m.me/codegnan?ref=:t-1601018222458',NULL),(5,3,NULL,'https://codegnan.com/courses/?utm_source=weeklyquiz&amp;utm_medium=email&amp;utm_campaign=Courses','76'),(6,4,NULL,'https://m.me/codegnan?ref=:t-1601018222458',NULL),(7,4,NULL,'https://codegnan.com/courses/?utm_source=weeklyquiz&amp;utm_medium=email&amp;utm_campaign=Courses',NULL),(8,5,NULL,'https://m.me/codegnan?ref=:t-1601018222458',NULL),(9,5,NULL,'https://codegnan.com/courses/?utm_source=weeklyquiz&amp;utm_medium=email&amp;utm_campaign=Courses','160'),(10,6,NULL,'https://m.me/codegnan?ref=:t-1601018222458',NULL),(11,6,NULL,'https://codegnan.com/courses/?utm_source=weeklyquiz&amp;utm_medium=email&amp;utm_campaign=Courses','162,162'),(12,6,NULL,'http://m.me/codegnan?ref=:t-1601018222458',NULL),(13,7,NULL,'https://m.me/codegnan?ref=:t-1601018222458','184'),(14,7,NULL,'https://codegnan.com/courses/?utm_source=weeklyquiz&amp;utm_medium=email&amp;utm_campaign=Courses','184,184,184,184,184,184,184'),(15,7,NULL,'http://m.me/codegnan?ref=:t-1601018222458','184'),(16,8,NULL,'https://m.me/codegnan?ref=:t-1601018222458','201,201'),(17,8,NULL,'https://codegnan.com/courses/?utm_source=weeklyquiz&amp;utm_medium=email&amp;utm_campaign=Courses','44'),(18,8,NULL,'http://m.me/codegnan?ref=:t-1601018222458','44,201'),(19,9,NULL,'https://m.me/codegnan?ref=:t-1601018222458',NULL),(20,9,NULL,'https://codegnan.com/courses/?utm_source=weeklyquiz&amp;utm_medium=email&amp;utm_campaign=Courses',NULL),(21,9,NULL,'http://m.me/codegnan?ref=:t-1601018222458',NULL),(22,10,NULL,'https://m.me/codegnan?ref=:t-1601018222458','211,139'),(23,10,NULL,'https://codegnan.com/courses/?utm_source=weeklyquiz&amp;utm_medium=email&amp;utm_campaign=Courses','237,211,211'),(24,10,NULL,'http://m.me/codegnan?ref=:t-1601018222458','205,211,235,139');
/*!40000 ALTER TABLE `links` ENABLE KEYS */;
UNLOCK TABLES;

--
-- Table structure for table `lists`
--

DROP TABLE IF EXISTS `lists`;
/*!40101 SET @saved_cs_client     = @@character_set_client */;
/*!40101 SET character_set_client = utf8 */;
CREATE TABLE `lists` (
  `id` int(11) unsigned NOT NULL AUTO_INCREMENT,
  `app` int(11) DEFAULT NULL,
  `userID` int(11) DEFAULT NULL,
  `name` varchar(100) COLLATE utf8mb4_unicode_ci DEFAULT NULL,
  `opt_in` int(11) DEFAULT '0',
  `confirm_url` varchar(100) COLLATE utf8mb4_unicode_ci DEFAULT NULL,
  `subscribed_url` varchar(100) COLLATE utf8mb4_unicode_ci DEFAULT NULL,
  `unsubscribed_url` varchar(100) COLLATE utf8mb4_unicode_ci DEFAULT NULL,
  `thankyou` int(11) DEFAULT '0',
  `thankyou_subject` varchar(100) COLLATE utf8mb4_unicode_ci DEFAULT NULL,
  `thankyou_message` longtext COLLATE utf8mb4_unicode_ci,
  `goodbye` int(11) DEFAULT '0',
  `goodbye_subject` varchar(100) COLLATE utf8mb4_unicode_ci DEFAULT NULL,
  `goodbye_message` longtext COLLATE utf8mb4_unicode_ci,
  `confirmation_subject` longtext COLLATE utf8mb4_unicode_ci,
  `confirmation_email` longtext COLLATE utf8mb4_unicode_ci,
  `unsubscribe_all_list` int(11) DEFAULT '1',
  `custom_fields` longtext COLLATE utf8mb4_unicode_ci,
  `prev_count` int(100) DEFAULT '0',
  `currently_processing` int(100) DEFAULT '0',
  `total_records` int(100) DEFAULT '0',
  `gdpr` int(1) DEFAULT '0',
  `gdpr_enabled` int(1) DEFAULT '0',
  `marketing_permission` mediumtext COLLATE utf8mb4_unicode_ci,
  `what_to_expect` mediumtext COLLATE utf8mb4_unicode_ci,
  `unsubscribe_confirm` int(1) DEFAULT '0',
  `notify_new_signups` int(1) DEFAULT '0',
  `notification_email` varchar(100) COLLATE utf8mb4_unicode_ci DEFAULT NULL,
  `no_consent_url` varchar(100) COLLATE utf8mb4_unicode_ci DEFAULT NULL,
  `already_subscribed_url` varchar(100) COLLATE utf8mb4_unicode_ci DEFAULT NULL,
  `reconsent_success_url` varchar(100) COLLATE utf8mb4_unicode_ci DEFAULT NULL,
  `unsubscribe_from_list` int(1) DEFAULT '0',
  `unsubscribe_list_id` int(11) DEFAULT NULL,
  PRIMARY KEY (`id`)
) ENGINE=InnoDB AUTO_INCREMENT=6 DEFAULT CHARSET=utf8mb4 COLLATE=utf8mb4_unicode_ci;
/*!40101 SET character_set_client = @saved_cs_client */;

--
-- Dumping data for table `lists`
--

LOCK TABLES `lists` WRITE;
/*!40000 ALTER TABLE `lists` DISABLE KEYS */;
INSERT INTO `lists` VALUES (1,2,1,'Course Enquiry Form',0,NULL,NULL,NULL,0,NULL,NULL,0,NULL,NULL,NULL,NULL,1,'Phone Number:Text%s%Course Name:Text',0,0,0,0,0,NULL,NULL,0,0,NULL,NULL,NULL,NULL,0,NULL),(2,1,1,'Getting Started with Unsupervised Learning',0,NULL,NULL,NULL,0,NULL,NULL,0,NULL,NULL,NULL,NULL,1,'Phone Number:Text%s%College/Organisation:Text%s%Branch/Role:Text%s%Webinar Title:Text',0,0,0,0,0,NULL,NULL,0,0,NULL,NULL,NULL,NULL,0,NULL),(3,2,1,'Weekly Quiz',0,NULL,NULL,NULL,0,NULL,NULL,0,NULL,NULL,NULL,NULL,1,'Quiz Week:Text',0,0,0,0,0,NULL,NULL,0,0,NULL,NULL,NULL,NULL,0,NULL),(4,3,1,'November Offer',0,NULL,NULL,NULL,0,NULL,NULL,0,NULL,NULL,NULL,NULL,1,'Phone Number:Text%s%Course Name:Text%s%grabNowCourse:Text',0,0,0,0,0,NULL,NULL,0,0,NULL,NULL,NULL,NULL,0,NULL),(5,4,1,'Contact Page Form',0,NULL,NULL,NULL,0,NULL,NULL,0,NULL,NULL,NULL,NULL,1,NULL,0,0,0,0,0,NULL,NULL,0,0,NULL,NULL,NULL,NULL,0,NULL);
/*!40000 ALTER TABLE `lists` ENABLE KEYS */;
UNLOCK TABLES;

--
-- Table structure for table `login`
--

DROP TABLE IF EXISTS `login`;
/*!40101 SET @saved_cs_client     = @@character_set_client */;
/*!40101 SET character_set_client = utf8 */;
CREATE TABLE `login` (
  `id` int(11) unsigned NOT NULL AUTO_INCREMENT,
  `name` varchar(100) COLLATE utf8mb4_unicode_ci DEFAULT NULL,
  `company` varchar(100) COLLATE utf8mb4_unicode_ci DEFAULT NULL,
  `username` varchar(100) COLLATE utf8mb4_unicode_ci DEFAULT NULL,
  `password` varchar(500) COLLATE utf8mb4_unicode_ci DEFAULT NULL,
  `s3_key` varchar(500) COLLATE utf8mb4_unicode_ci DEFAULT NULL,
  `s3_secret` varchar(500) COLLATE utf8mb4_unicode_ci DEFAULT NULL,
  `api_key` varchar(500) COLLATE utf8mb4_unicode_ci DEFAULT NULL,
  `api_key_prev` varchar(500) COLLATE utf8mb4_unicode_ci DEFAULT NULL,
  `license` varchar(100) COLLATE utf8mb4_unicode_ci DEFAULT NULL,
  `timezone` varchar(100) COLLATE utf8mb4_unicode_ci DEFAULT NULL,
  `tied_to` int(11) DEFAULT NULL,
  `app` int(11) DEFAULT NULL,
  `paypal` varchar(100) COLLATE utf8mb4_unicode_ci DEFAULT NULL,
  `cron` int(11) DEFAULT '0',
  `cron_ares` int(11) DEFAULT '0',
  `send_rate` int(100) DEFAULT '0',
  `language` varchar(100) COLLATE utf8mb4_unicode_ci DEFAULT 'en_US',
  `cron_csv` int(11) DEFAULT '0',
  `cron_seg` int(11) DEFAULT '0',
  `ses_endpoint` varchar(100) COLLATE utf8mb4_unicode_ci DEFAULT NULL,
  `auth_enabled` int(11) DEFAULT '0',
  `auth_key` varchar(100) COLLATE utf8mb4_unicode_ci DEFAULT NULL,
  `reset_password_key` varchar(20) COLLATE utf8mb4_unicode_ci DEFAULT NULL,
  `brands_rows` int(11) DEFAULT '10',
  `strict_delete` int(1) DEFAULT '1',
  PRIMARY KEY (`id`)
) ENGINE=InnoDB AUTO_INCREMENT=6 DEFAULT CHARSET=utf8mb4 COLLATE=utf8mb4_unicode_ci;
/*!40101 SET character_set_client = @saved_cs_client */;

--
-- Dumping data for table `login`
--

LOCK TABLES `login` WRITE;
/*!40000 ALTER TABLE `login` DISABLE KEYS */;
INSERT INTO `login` VALUES (1,'sairam uppugundla','CODEGNAN IT SOLUTIONS OPC PVT LTD','sairam@codegnan.com','fb9b038388287305711ca78eeb1feaf9faf3d51c72b8fc9279440c40bda685c2488e234ee224040f5408a49992f2a6eab11c977c65a4712bb2b51ef790e50b4c','AKIAUYXXUI7RYL66IYUD','rQpYoL+OabjMeh2YVrgp1DWuqKNexTSDVbR82AAV','XeFh5aofy95p0fh2zQIC',NULL,'JDaH2aOe94YI5q6bkl591fStsLTV1RFf','Asia/Kolkata',NULL,NULL,'',0,1,1,'en_US',0,0,'email.ap-south-1.amazonaws.com',0,NULL,'',10,1),(2,'Codegnan','Webinars','info@codegnan.com','d3327d8093aea186bde7da28f77186175ad4fed029e26b1c2c1d280cae33d23f07d8959a05b6cf066a0c6788d1a3274bf2265ac69faaab03650912e960dc115a',NULL,NULL,NULL,NULL,NULL,'Asia/Kolkata',1,1,NULL,0,0,0,'en_US',0,0,NULL,0,NULL,NULL,10,1),(3,'Codegnan','Courses','info@codegnan.com','a5a58f49395417a0caf18b53fcff273ca49ce47bcb41ed97abf164c341fc65ff5a38e655e12b90a393479021e19ae891f3c7718c541c6af018a9c0bde71bace8',NULL,NULL,NULL,NULL,NULL,'Asia/Kolkata',1,2,NULL,0,0,0,'en_US',0,0,NULL,0,NULL,NULL,10,1),(4,'Codegnan','Codegnan Offers','info@codegnan.com','ec91830cf733a104940e89650240d240faa75f5f7cfffac55c7c57c1f2d0845a3a25e3675dae0650dff127a984d7b8b199750d03eb9f58b84bc3bb5614db2cdb',NULL,NULL,NULL,NULL,NULL,'Asia/Kolkata',1,3,NULL,0,0,0,'en_US',0,0,NULL,0,NULL,NULL,10,1),(5,'Codegnan','Codegnan Website','info@codegnan.com','e7a2027947f74ef716c59d895e22f20209cd85d9edc6a5120d2d68d3448fb02c1a6e350c4014df624041cbd5f057a43afc937243c15994194d3783805f316118',NULL,NULL,NULL,NULL,NULL,'Asia/Kolkata',1,4,NULL,0,0,0,'en_US',0,0,NULL,0,NULL,NULL,10,1);
/*!40000 ALTER TABLE `login` ENABLE KEYS */;
UNLOCK TABLES;

--
-- Table structure for table `queue`
--

DROP TABLE IF EXISTS `queue`;
/*!40101 SET @saved_cs_client     = @@character_set_client */;
/*!40101 SET character_set_client = utf8 */;
CREATE TABLE `queue` (
  `id` int(11) unsigned NOT NULL AUTO_INCREMENT,
  `query_str` longtext,
  `http_headers` mediumtext,
  `campaign_id` int(11) DEFAULT NULL,
  `subscriber_id` int(11) DEFAULT NULL,
  `sent` int(11) DEFAULT '0',
  PRIMARY KEY (`id`),
  KEY `s_id` (`subscriber_id`),
  KEY `st_id` (`sent`),
  KEY `s_campaign_id` (`campaign_id`)
) ENGINE=InnoDB DEFAULT CHARSET=utf8;
/*!40101 SET character_set_client = @saved_cs_client */;

--
-- Dumping data for table `queue`
--

LOCK TABLES `queue` WRITE;
/*!40000 ALTER TABLE `queue` DISABLE KEYS */;
/*!40000 ALTER TABLE `queue` ENABLE KEYS */;
UNLOCK TABLES;

--
-- Table structure for table `seg`
--

DROP TABLE IF EXISTS `seg`;
/*!40101 SET @saved_cs_client     = @@character_set_client */;
/*!40101 SET character_set_client = utf8 */;
CREATE TABLE `seg` (
  `id` int(11) unsigned NOT NULL AUTO_INCREMENT,
  `name` varchar(100) DEFAULT NULL,
  `app` int(11) DEFAULT NULL,
  `list` int(11) DEFAULT NULL,
  `last_updated` varchar(100) DEFAULT NULL,
  PRIMARY KEY (`id`),
  KEY `s_list` (`list`)
) ENGINE=InnoDB AUTO_INCREMENT=10 DEFAULT CHARSET=utf8;
/*!40101 SET character_set_client = @saved_cs_client */;

--
-- Dumping data for table `seg`
--

LOCK TABLES `seg` WRITE;
/*!40000 ALTER TABLE `seg` DISABLE KEYS */;
INSERT INTO `seg` VALUES (2,'Week 11',2,3,'1602905293'),(3,'Week 12',2,3,'1603526002'),(4,'Week 13',2,3,'1604109103'),(5,'Week 14',2,3,'1604717696'),(6,'Week 15',2,3,'1605436987'),(7,'Week 16',2,3,'1606117009'),(8,'Week 17',2,3,'1606666840'),(9,'Week 18',2,3,'1607316815');
/*!40000 ALTER TABLE `seg` ENABLE KEYS */;
UNLOCK TABLES;

--
-- Table structure for table `seg_cons`
--

DROP TABLE IF EXISTS `seg_cons`;
/*!40101 SET @saved_cs_client     = @@character_set_client */;
/*!40101 SET character_set_client = utf8 */;
CREATE TABLE `seg_cons` (
  `id` int(11) unsigned NOT NULL AUTO_INCREMENT,
  `seg_id` int(11) DEFAULT NULL,
  `group_id` int(11) DEFAULT NULL,
  `operator` char(3) DEFAULT NULL,
  `field` varchar(100) DEFAULT NULL,
  `comparison` varchar(11) DEFAULT NULL,
  `val` varchar(500) DEFAULT NULL,
  PRIMARY KEY (`id`),
  KEY `s_seg_id` (`seg_id`)
) ENGINE=InnoDB AUTO_INCREMENT=11 DEFAULT CHARSET=utf8;
/*!40101 SET character_set_client = @saved_cs_client */;

--
-- Dumping data for table `seg_cons`
--

LOCK TABLES `seg_cons` WRITE;
/*!40000 ALTER TABLE `seg_cons` DISABLE KEYS */;
INSERT INTO `seg_cons` VALUES (2,2,1,'','QuizWeek','=','Week 11'),(3,3,1,'','QuizWeek','=','Week 12'),(5,4,1,'','QuizWeek','=','Week13'),(6,5,1,'','QuizWeek','=','Week 14'),(7,6,1,'','QuizWeek','=','Week 15'),(8,7,1,'','QuizWeek','=','Week 16'),(9,8,1,'','QuizWeek','=','Week 17'),(10,9,1,'','QuizWeek','=','Week 18');
/*!40000 ALTER TABLE `seg_cons` ENABLE KEYS */;
UNLOCK TABLES;

--
-- Table structure for table `skipped_emails`
--

DROP TABLE IF EXISTS `skipped_emails`;
/*!40101 SET @saved_cs_client     = @@character_set_client */;
/*!40101 SET character_set_client = utf8 */;
CREATE TABLE `skipped_emails` (
  `id` int(11) unsigned NOT NULL AUTO_INCREMENT,
  `app` int(11) DEFAULT NULL,
  `list` int(11) DEFAULT NULL,
  `email` varchar(100) DEFAULT NULL,
  `reason` int(1) DEFAULT NULL,
  PRIMARY KEY (`id`),
  KEY `s_list` (`list`)
) ENGINE=InnoDB AUTO_INCREMENT=82 DEFAULT CHARSET=utf8;
/*!40101 SET character_set_client = @saved_cs_client */;

--
-- Dumping data for table `skipped_emails`
--

LOCK TABLES `skipped_emails` WRITE;
/*!40000 ALTER TABLE `skipped_emails` DISABLE KEYS */;
INSERT INTO `skipped_emails` VALUES (72,2,3,'Email',1),(73,2,3,'priyangbhattml@gmail.com',3),(74,2,3,'yabhisheky@gmail.com',3),(75,2,3,'jeevankumarreddy56@gmail.com',3),(76,2,3,'saipavanmanda5@gmail.com',3),(77,2,3,'bncganesh@gmail.com',3),(78,2,3,'nagkumbha852@gmail.com',3),(79,2,3,'sreeharsha10345@gmail.com',3),(80,2,3,'saikiran225@hotmail.com',3),(81,2,3,'bhavyachandrika98@gmail.com',3);
/*!40000 ALTER TABLE `skipped_emails` ENABLE KEYS */;
UNLOCK TABLES;

--
-- Table structure for table `subscribers`
--

DROP TABLE IF EXISTS `subscribers`;
/*!40101 SET @saved_cs_client     = @@character_set_client */;
/*!40101 SET character_set_client = utf8 */;
CREATE TABLE `subscribers` (
  `id` int(11) unsigned NOT NULL AUTO_INCREMENT,
  `userID` int(11) DEFAULT NULL,
  `name` varchar(100) COLLATE utf8mb4_unicode_ci DEFAULT NULL,
  `email` varchar(100) COLLATE utf8mb4_unicode_ci DEFAULT NULL,
  `custom_fields` longtext COLLATE utf8mb4_unicode_ci,
  `list` int(11) DEFAULT NULL,
  `unsubscribed` int(11) DEFAULT '0',
  `bounced` int(11) DEFAULT '0',
  `bounce_soft` int(11) DEFAULT '0',
  `complaint` int(11) DEFAULT '0',
  `last_campaign` int(11) DEFAULT NULL,
  `last_ares` int(11) DEFAULT NULL,
  `timestamp` int(100) DEFAULT NULL,
  `join_date` int(100) DEFAULT NULL,
  `confirmed` int(11) DEFAULT '1',
  `messageID` varchar(100) COLLATE utf8mb4_unicode_ci DEFAULT NULL,
  `ip` varchar(100) COLLATE utf8mb4_unicode_ci DEFAULT NULL,
  `country` varchar(2) COLLATE utf8mb4_unicode_ci DEFAULT NULL,
  `referrer` varchar(500) COLLATE utf8mb4_unicode_ci DEFAULT NULL,
  `method` int(1) DEFAULT NULL,
  `added_via` int(1) DEFAULT NULL,
  `gdpr` int(1) DEFAULT '0',
  `notes` text COLLATE utf8mb4_unicode_ci,
  PRIMARY KEY (`id`),
  KEY `s_list` (`list`),
  KEY `s_unsubscribed` (`unsubscribed`),
  KEY `s_bounced` (`bounced`),
  KEY `s_bounce_soft` (`bounce_soft`),
  KEY `s_complaint` (`complaint`),
  KEY `s_confirmed` (`confirmed`),
  KEY `s_timestamp` (`timestamp`),
  KEY `s_email` (`email`),
  KEY `s_last_campaign` (`last_campaign`),
  KEY `s_messageid` (`messageID`),
  KEY `s_country` (`country`),
  KEY `s_referrer` (`referrer`(191)),
  KEY `s_method` (`method`),
  KEY `s_added_via` (`added_via`),
  KEY `s_gdpr` (`gdpr`)
) ENGINE=InnoDB AUTO_INCREMENT=243 DEFAULT CHARSET=utf8mb4 COLLATE=utf8mb4_unicode_ci;
/*!40101 SET character_set_client = @saved_cs_client */;

--
-- Dumping data for table `subscribers`
--

LOCK TABLES `subscribers` WRITE;
/*!40000 ALTER TABLE `subscribers` DISABLE KEYS */;
INSERT INTO `subscribers` VALUES (1,1,'Bhagath Sainath Prathipati','bhagathsainathp@gmail.com','07036709050%s%Python for Data Science Certification',1,0,0,0,0,NULL,NULL,1602839929,1601149500,1,NULL,'175.101.106.130','IN','http://127.0.0.1:8000/python-course-online-certification-training/',1,3,0,''),(2,1,'Sivamani','sivamani@gmail.com','%s%',1,0,0,0,0,NULL,NULL,1601150817,1601150820,1,NULL,'175.101.106.130','IN','http://127.0.0.1:8000/python-course-online-certification-training/',1,3,0,NULL),(3,1,'Bhagatah','bhagathp3@gmail.com','7026709050%s%Python for Data Science Certification',1,0,0,0,0,NULL,NULL,1602500755,1601200500,1,NULL,'175.101.106.130','IN','https://codegnan.com/python-course-online-certification-training/',1,3,0,''),(4,1,'Bhagath Sainath Prathipati','bhagathsainath@gmail.com','%s%Python for Data Science Certification',1,0,0,0,0,NULL,NULL,1601201054,1601201040,1,NULL,'175.101.106.130','IN','https://codegnan.com/python-course-online-certification-training/',1,3,0,NULL),(5,1,'Qwer Poiu','amazonprm91@gmail.com','%s%Python for Data Science Certification',1,0,0,0,0,NULL,NULL,1601201714,1601201700,1,NULL,'175.101.106.31','IN','https://codegnan.com/python-course-online-certification-training/',1,3,0,NULL),(6,1,'Bhagath Sainath Prathipati','bhagathsainathp@gmail.com','07036709050%s%sjbskc%s%xsxs%s%Getting Started with Unsupervised Learning',2,0,0,0,0,NULL,NULL,1601235260,1601235240,1,NULL,'175.101.106.130','IN','https://codegnan.com/webinars/',1,3,0,NULL),(7,1,'Bhagath Sainath Prathipati','bhagathp3@gmail.com','07036709050%s%nxlanKN%s%AXKXNLSANSAL%s%Getting Started with Unsupervised Learning',2,0,0,0,0,NULL,NULL,1601728565,1601235960,1,NULL,'175.101.106.130','IN','https://codegnan.com/webinars/',1,3,0,''),(8,1,'NOOPUR GOEL ','noopurt11@gmail.com','8299783160%s%VBS Purvanchal Universiy,Jaunpur %s%Computer Applications %s%Getting Started with Unsupervised Learning',2,0,0,0,0,NULL,NULL,1601266757,1601266740,1,NULL,'47.8.247.172','IN','https://codegnan.com/webinars/',1,3,0,NULL),(9,1,'LOKESH K','lokesh27798@gmail.com','9566167357%s%Dgvc%s%Student%s%Getting Started with Unsupervised Learning',2,0,0,0,0,NULL,NULL,1601394929,1601269440,1,NULL,'157.50.70.127','IN','https://codegnan.com/webinars/',1,3,0,''),(10,1,'Hemachandiran','spahhema@gmail.com','9788106407%s%NIT PUDHUCERRY%s%CSE%s%Getting Started with Unsupervised Learning',2,0,0,0,0,NULL,NULL,1601279213,1601279220,1,NULL,'157.49.240.48','IN','https://codegnan.com/webinars/',1,3,0,NULL),(11,1,'Abinaya.J ','1812049@nec.edu.in','9994967547%s%National Engineering College,Kovilpatti %s%cse%s%Getting Started with Unsupervised Learning',2,0,0,0,0,NULL,NULL,1601281670,1601281680,1,NULL,'223.181.210.56','IN','https://codegnan.com/webinars/',1,3,0,NULL),(12,1,'Raghavendra Rao DK','dkraghavendrarao@rediffmail.com','09886133583%s%Mynd%s%iT%s%Getting Started with Unsupervised Learning',2,0,0,0,0,NULL,NULL,1601530659,1601284440,1,NULL,'106.201.117.228','IN','https://codegnan.com/webinars/',1,3,0,''),(13,1,'Alwin','alwinnizhanth47@gmail.com','7550352800%s%National Engineering College%s%CSE%s%Getting Started with Unsupervised Learning',2,0,0,0,0,NULL,NULL,1601286448,1601286420,1,NULL,'157.50.155.224','IN','https://codegnan.com/webinars/',1,3,0,NULL),(14,1,'Ramesh D Koppad','rameshdkoppad@gmail.com','8971980572%s%Self%s%CSE%s%Getting Started with Unsupervised Learning',2,0,0,0,0,NULL,NULL,1601470563,1601291340,1,NULL,'223.186.217.28','IN','https://codegnan.com/webinars/',1,3,0,''),(15,1,'sairam uppugundla','saikirancode@gmail.com','09492245755%s%Python for Data Science Certification',1,0,0,0,0,NULL,NULL,1601291930,1601291940,1,NULL,'183.82.152.113','IN','https://codegnan.com/iot-training/',1,3,0,NULL),(16,1,'Korivi Prabhu Kalyan','prabhukalyan30@gmail.com','9381679002%s%Vasireddy Venkatadri Institute of Technology%s%Computer science enginnering%s%Getting Started with Unsupervised Learning',2,0,0,0,0,NULL,NULL,1601292128,1601292120,1,NULL,'157.44.72.87','IN','https://codegnan.com/webinars/',1,3,0,NULL),(17,1,'DUDEKULA HUSSENAPPA ','hussainappajava@gmail.com','9492406335%s%Y S R ENGINEERING COLLEGE OF Y V U %s%Assistant Professor %s%Getting Started with Unsupervised Learning',2,0,0,0,0,NULL,NULL,1601293393,1601293380,1,NULL,'157.48.207.20','IN','https://codegnan.com/webinars/',1,3,0,NULL),(18,1,'Sagar Chugh','c.sagarc11095@gmail.com','9811769741%s%GGSIP University%s%Student%s%Getting Started with Unsupervised Learning',2,0,0,0,0,NULL,NULL,1601294433,1601294460,1,NULL,'182.77.119.204','IN','https://codegnan.com/webinars/',1,3,0,NULL),(19,1,'Gokul Ballava Mishra','gokulbmishra@gmail.com','8249070872%s%VIT-AP%s%Student%s%Getting Started with Unsupervised Learning',2,0,0,0,0,NULL,NULL,1601295209,1601295180,1,NULL,'117.247.146.146','IN','https://codegnan.com/webinars/',1,3,0,NULL),(20,1,'dhruv garg','dhruvgarg001@gmail.com','09999571521%s%msit/ggsipu%s%eee/analyst%s%Getting Started with Unsupervised Learning',2,0,0,0,0,NULL,NULL,1601357023,1601357040,1,NULL,'103.48.196.164','IN','https://codegnan.com/webinars/',1,3,0,NULL),(21,1,'Gaurav Gaur','gaurgaurav443@gmail.com','08077877410%s%Dev Bhoomi Group Of Institutions%s%MCA%s%Getting Started with Unsupervised Learning',2,0,0,0,0,NULL,NULL,1601371262,1601371260,1,NULL,'139.167.174.75','IN','https://codegnan.com/webinars/',1,3,0,NULL),(22,1,'Mamta Kapri','mammu.kapri00@gmail.com','07579079042%s%Dev Bhoomi Group Of Institutions%s%MCA%s%Getting Started with Unsupervised Learning',2,0,0,0,0,NULL,NULL,1601371342,1601371320,1,NULL,'139.167.174.75','IN','https://codegnan.com/webinars/',1,3,0,NULL),(23,1,'ROHIT MACHERLA','rohitmacherla18@gmail.com','6304732377%s%RVR & JC COLLEGE OF ENGINEERING%s%INFORMATION TECHNOLOGY%s%Getting Started with Unsupervised Learning',2,0,0,0,0,NULL,NULL,1601533916,1601386440,1,NULL,'117.208.194.234','IN','https://codegnan.com/webinars/',1,3,0,''),(24,1,'Vidyavathi Ishwargoud Huded','vidyavathihuded@gmail.com','8494837698%s%K.L.E JT BCA COLLEGE GADAG%s%BCA%s%Getting Started with Unsupervised Learning',2,0,0,0,0,NULL,NULL,1601387392,1601387400,1,NULL,'223.228.39.46','IN','https://codegnan.com/webinars/',1,3,0,NULL),(25,1,'Varun Bhati','varunbhati09@gmail.com','9899166068%s%maharaja agarsen institute of tech%s%cse%s%Getting Started with Unsupervised Learning',2,0,0,0,0,NULL,NULL,1601446651,1601446680,1,NULL,'103.119.165.176','IN','https://codegnan.com/webinars/',1,3,0,NULL),(26,1,'Rompicharla venkata sai murali nadh','Muralinadh4079@Gmail.com','09666757688%s%Sir CR REDDY COLLEGE OF ENGINEERING%s%ECE/student%s%Getting Started with Unsupervised Learning',2,0,0,0,0,NULL,NULL,1601457929,1601457900,1,NULL,'157.48.62.104','IN','https://codegnan.com/webinars/',1,3,0,NULL),(27,1,'Satish Muppidi','msatishmtech@gmail.com','9491154391%s%GMR Institute of Technology%s%CSE%s%Getting Started with Unsupervised Learning',2,0,0,0,0,NULL,NULL,1601463112,1601463120,1,NULL,'49.204.228.160','IN','https://codegnan.com/webinars/',1,3,0,NULL),(28,1,'Mohamed thaga A','thaga2001@gmail.com','8760908880%s%Kpr institute of engineering and technology %s%B.E Computer science and engineering %s%Getting Started with Unsupervised Learning',2,0,0,0,0,NULL,NULL,1601464941,1601464920,1,NULL,'1.38.192.253','IN','https://codegnan.com/webinars/',1,3,0,NULL),(29,1,'Kishore Kumar. S','kishoresarvanakumar21@gmail.com','09894138880%s%Sri Manakula Vinayagar Engineering College%s%Electronics and Communication Engineering%s%Getting Started with Unsupervised Learning',2,0,0,0,0,NULL,NULL,1601470952,1601470980,1,NULL,'162.216.141.59','IN','https://codegnan.com/webinars/',1,3,0,NULL),(30,1,'Robinson SamPaul E','robinpaulsam264@gmail.com','9361149847%s%Prince Shri Venateshwara%s%Tambaram%s%Getting Started with Unsupervised Learning',2,0,0,0,0,NULL,NULL,1601526927,1601526900,1,NULL,'106.208.105.118','IN','https://codegnan.com/webinars/',1,3,0,NULL),(31,1,'Rakesh S','rakesh123410101999@gmail.com','09606502760%s%BrainLink Desinger%s%CEO%s%Getting Started with Unsupervised Learning',2,0,0,0,0,NULL,NULL,1601532782,1601532780,1,NULL,'117.198.240.28','IN','https://codegnan.com/webinars/',1,3,0,NULL),(32,1,'balu','balucodegnan@gmail.com','9177754931%s%Python for Data Science Certification',1,0,0,0,0,NULL,6,1601728507,1601728380,1,'01090174ee746e59-994de85b-818a-427f-8020-252bf81c1a00-000000','183.82.155.253','IN','https://codegnan.com/python-course-online-certification-training/',1,3,0,''),(33,1,'Sivamani','kodeac@gmail.com','9848022338%s%abakn%s%alklcma%s%Getting Started with Unsupervised Learning',2,0,0,0,0,NULL,7,1601729122,1601728980,1,'01090174ee7d94dc-6443865f-bdab-4b39-89ad-976aa4981c13-000000','175.101.105.130','IN','https://codegnan.com/webinars/',1,3,0,NULL),(34,1,'Codegnan','codegnandm@gmail.com','06301341478%s%Python for Data Science Certification',1,0,0,0,0,NULL,6,1602414467,1602246780,1,'010901750d5a9667-3d4c1206-4acc-4743-b371-0bbdb94ee78e-000000','175.101.106.31','IN','https://codegnan.com/python-course-online-certification-training/',1,3,0,''),(35,1,'Bhargav B.','bhargavbillu@gmail.com','Week 10',3,0,0,0,0,1,NULL,1602323974,NULL,1,'01090175172709ea-a8bebdec-1908-4cc2-9fb9-9d8a171ef05d-000000',NULL,NULL,NULL,NULL,NULL,1,NULL),(36,1,'Saumya Gupta','saumyamzpr@gmail.com','Week 15',3,0,0,0,0,7,NULL,1604894209,NULL,1,'01090175cb80c49e-7b99f050-fc99-4125-bb2d-408b089f8761-000000',NULL,NULL,NULL,NULL,NULL,1,NULL),(37,1,'Abhishek','yabhisheky@gmail.com','Week 18',3,0,0,0,0,10,NULL,1607401246,NULL,1,'01090176407d7f44-30552ef6-e6f1-4e83-9cfd-06d8046fca05-000000',NULL,NULL,NULL,NULL,NULL,1,NULL),(38,1,'Manideep','alimimanideep056@gmail.com','Week 16',3,0,0,0,0,8,NULL,1606147304,NULL,1,'01090175f40a90b0-cc2007e8-31b4-403a-b07a-734f425666f1-000000',NULL,NULL,NULL,NULL,NULL,1,NULL),(39,1,'Surya','suryateja113389@gmail.com','Week 12',3,0,0,0,0,4,NULL,1602323974,NULL,1,'0109017559d190b1-38a057c0-b7b4-4662-8087-56f763d8d086-000000',NULL,NULL,NULL,NULL,NULL,1,NULL),(40,1,'Bhavya Chowdary','kogantibhavya456@gmail.com','Week 11',3,0,0,0,0,3,NULL,1602929937,NULL,1,'01090175351bea33-fb65ca57-fe2b-4109-b75d-fb983f46c1ba-000000',NULL,NULL,NULL,NULL,NULL,1,NULL),(41,1,'Saikiran','saikiran225@hotmail.com','Week 18',3,0,0,0,0,10,NULL,1602323974,NULL,1,'01090176407d832b-49ff9db2-63bb-4b8a-829d-dd748c5efcec-000000',NULL,NULL,NULL,NULL,NULL,1,NULL),(42,1,'Ganesh','bncganesh@gmail.com','Week 18',3,0,0,0,0,10,NULL,1607422371,NULL,1,'01090176407d8718-388154b5-c0cf-48cf-9920-1783a87d5321-000000',NULL,NULL,NULL,NULL,NULL,1,NULL),(43,1,'Chandana Choudary Samineni','chandanasamineni23@gmail.com','Week 10',3,0,0,0,0,1,NULL,1602412128,NULL,1,'0109017517272950-a55e9fb5-ef08-4830-aadf-ca7615eba1ba-000000',NULL,NULL,NULL,NULL,NULL,1,NULL),(44,1,'Mrunali','mrunalibad123@gmail.com','Week 16',3,0,0,0,0,8,NULL,1606117363,NULL,1,'01090175f40a9498-9711fe08-3b5c-413a-a7ad-3072ec195301-000000',NULL,NULL,NULL,NULL,NULL,1,NULL),(45,1,'Pooja Shiva','poojabachu2@gmail.com','Week 10',3,0,0,0,0,1,NULL,1602323974,NULL,1,'010901751727351a-6c2b43eb-a1ee-4025-8535-79961c258c9a-000000',NULL,NULL,NULL,NULL,NULL,1,NULL),(46,1,'Chandu Jakka','jakka1729@gmail.com','Week 10',3,0,0,0,0,1,NULL,1602323974,NULL,1,'0109017517273901-146d7f04-dbde-4c47-bf4d-f72a5b999901-000000',NULL,NULL,NULL,NULL,NULL,1,NULL),(47,1,'Prasanth Kumar','sanjeeviprasanth@gmail.com','Week 10',3,0,0,0,0,1,NULL,1602857582,NULL,1,'0109017517273cf0-e59a9bef-b67d-476e-ab10-c2e9aba204ef-000000',NULL,NULL,NULL,NULL,NULL,1,NULL),(48,1,'Pavan','pavanbgl25@gmail.com','Week 16',3,0,0,0,0,8,NULL,1602914204,NULL,1,'01090175f40a988a-53647f98-3242-47f9-baab-abe727b03978-000000',NULL,NULL,NULL,NULL,NULL,1,NULL),(49,1,'Anitha Jampana','anithajampana43@gmail.com','Week 10',3,0,0,0,0,1,NULL,1602323974,NULL,1,'01090175172744c8-e546e482-57db-4130-8f7b-5aa6e8ef8064-000000',NULL,NULL,NULL,NULL,NULL,1,NULL),(50,1,'Gangishetty Ranadeep','gangishettyranadeep@gmail.com','Week 10',3,0,0,0,0,1,NULL,1602323974,NULL,1,'01090175172748b9-b9cfdd19-dbea-4f2f-b715-61c82bd6c272-000000',NULL,NULL,NULL,NULL,NULL,1,NULL),(51,1,'Balamahesh Chilakala','balamahesh12102002@gmail.com','Week 14',3,0,0,0,0,6,NULL,1604928686,NULL,1,'01090175ab261977-5b70fa50-eb25-4c18-b974-2305cdfa5567-000000',NULL,NULL,NULL,NULL,NULL,1,NULL),(52,1,'Karthik Reddy','karthikpenthala@gmail.com','Week 10',3,0,0,0,0,1,NULL,1602323974,NULL,1,'010901751727547d-fdcefeec-53f4-4cd8-ba82-1ce9e7ad199e-000000',NULL,NULL,NULL,NULL,NULL,1,NULL),(53,1,'Prabha','Prabhamamidala999@gmail.com','Week 16',3,0,0,0,0,8,NULL,1603898377,NULL,1,'01090175f40a9c84-9bffe3ca-8235-4b94-9ef1-f1f379be86c8-000000',NULL,NULL,NULL,NULL,NULL,1,NULL),(54,1,'Venky','v.venky079@gmail.com','Week 16',3,0,0,0,0,8,NULL,1606219634,NULL,1,'01090175f40aa061-ce3bbc8a-aa96-47f0-9f48-1e7aa096f8a4-000000',NULL,NULL,NULL,NULL,NULL,1,NULL),(55,1,'K Mallinath','musictelugu7@gmail.com','Week 10',3,0,0,0,0,1,NULL,1602323974,NULL,1,'0109017517276431-db5ff0de-372c-48c4-8908-c19e22a46130-000000',NULL,NULL,NULL,NULL,NULL,1,NULL),(56,1,'Priyansh','priyanshdragonheart@gmail.com','Week13',3,0,0,0,0,5,NULL,1602323974,NULL,1,'010901757c5b73d3-32220f90-bf20-47bf-9ee8-9b22677ee882-000000',NULL,NULL,NULL,NULL,NULL,1,NULL),(57,1,'Madhurakavi Chakri Krishna','mckrishna3@gmail.com','Week 10',3,0,0,0,0,1,NULL,1602323974,NULL,1,'0109017517276ff4-0713c507-6e86-4c00-94c7-27cb80b8a3c5-000000',NULL,NULL,NULL,NULL,NULL,1,NULL),(58,1,'Yoonus','yoonusuns69@gmail.com','Week 16',3,0,0,0,0,8,NULL,1602441967,NULL,1,'01090175f40aa455-bca69f35-9afa-4da2-87a2-2f609e6b430f-000000',NULL,NULL,NULL,NULL,NULL,1,NULL),(59,1,'Prince Rajan Praveen','princerajan415@gmail.com','Week 10',3,0,0,0,0,1,NULL,1602323974,NULL,1,'0109017517277f9f-2fdbb29e-e1a5-4654-af31-3f8e6e4f4efd-000000',NULL,NULL,NULL,NULL,NULL,1,NULL),(60,1,'Dhrubajyoti Roy','dhrubajyotiroy10@gmail.com','Week 10',3,0,0,0,0,1,NULL,1602414050,NULL,1,'0109017517278774-9b5b039d-c5d8-47ac-8a94-94807fdf9288-000000',NULL,NULL,NULL,NULL,NULL,1,NULL),(61,1,'Pavani Naveen','kantekaripavani@gmail.com','Week 15',3,0,0,0,0,7,NULL,1604117676,NULL,1,'01090175cb80cc75-11f43024-ee5e-47e0-af44-a72e499b40fa-000000',NULL,NULL,NULL,NULL,NULL,1,NULL),(62,1,'Divya Hurkadli','divyahurkadli2@gmail.com','8971172497%s%Python for Data Science Certification',1,0,0,0,0,NULL,6,1602956811,1602767940,1,'010901752c6ad95c-889212bd-cc05-4c6a-a94d-b5b93b0a44cc-000000','157.49.156.56','IN','https://codegnan.com/django-course-online-training-with-python/',1,3,0,NULL),(63,1,'Test','test@ymail.com','9848022338%s%%s%',4,0,0,0,0,NULL,NULL,1602832171,1602832200,1,NULL,'183.82.155.236','IN','http://127.0.0.1:8000/',1,3,0,NULL),(64,1,'Bhagath','a@mail.com','skjccssab%s%%s%',4,0,0,0,0,NULL,NULL,1602832363,1602832380,1,NULL,'183.82.155.236','IN','http://127.0.0.1:8000/',1,3,0,NULL),(65,1,'Bhagath Prathipati','bhagathsainathp@gmail.com','07036709050%s%Machine Learning with Python Certification%s%Python for Data Science Certification',4,0,0,0,0,NULL,NULL,1603202620,1602832560,1,NULL,'183.82.155.236','IN','http://127.0.0.1:8000/',1,3,0,''),(66,1,'surya test','suryacodegnan@gmail.com','8520033608%s%Python for Data Science Certification%s%Python for Data Science Certification',4,0,0,0,0,NULL,NULL,1603346090,1602847200,1,NULL,'183.82.159.168','IN','https://codegnan.com/python-for-data-science-training/',1,3,0,''),(67,1,'AD','akathmadevi@rubhusocial.com','88841122222%s%Python for Data Science Certification%s%',4,0,0,0,0,NULL,NULL,1603179599,1602848100,1,NULL,'171.49.226.39','IN','https://codegnan.com/python-for-data-science-training/?gtm_debug=x',1,3,0,''),(68,1,'AD','test@gmail.com','8888888888%s%Python for Data Science Certification',1,0,1,0,0,NULL,6,1602850022,1602849960,1,'01090175314e603e-10e34d8d-7fac-4e6f-b78d-69263fbb3fc3-000000','171.49.226.39','IN','https://codegnan.com/python-for-data-science-training/?gtm_debug=x',1,3,0,NULL),(69,1,'Shanya Reddy','renantsha@gmail.com','Week 11',3,0,0,0,0,3,NULL,1602904019,NULL,1,'01090175351bfdcd-617dda93-32f5-4f96-9e8d-f7449b859b5e-000000',NULL,NULL,NULL,NULL,NULL,1,NULL),(70,1,'Prabha Mamidala','prbhth9@gmail.com','Week 14',3,0,0,0,0,6,NULL,1604308583,NULL,1,'01090175ab261d63-de4e2881-47d2-4d46-9140-f64c19e6f536-000000',NULL,NULL,NULL,NULL,NULL,1,NULL),(71,1,'Alimi Manideep','manideepalimi123@gmail.com','Week 11',3,0,0,0,0,3,NULL,1602904019,NULL,1,'01090175351c05a8-4d47379d-d471-4da3-8864-37126207acf8-000000',NULL,NULL,NULL,NULL,NULL,1,NULL),(72,1,'Arun Kumar Reddy','arunkumarreddy159@gmail.com','Week 11',3,0,0,0,0,3,NULL,1602915405,NULL,1,'01090175351c099b-127f72e6-8830-4e8e-a239-2903b8dcca7a-000000',NULL,NULL,NULL,NULL,NULL,1,NULL),(73,1,'Shayden','shaydenluv@gmail.com','Week 11',3,0,0,0,0,3,NULL,1603867518,NULL,1,'01090175351c0d89-83aa8870-cabe-41f3-84fe-d9d8326417dd-000000',NULL,NULL,NULL,NULL,NULL,1,NULL),(74,1,'Sumit Kotval','sbadgujar645@gmail.com','Week 11',3,0,0,0,0,3,NULL,1602904019,NULL,1,'01090175351c1179-4d9f58fb-9c41-4646-93f4-edb93cbc1b79-000000',NULL,NULL,NULL,NULL,NULL,1,NULL),(75,1,'Sai Ram Shankar','shankar.iragavarapu@gmail.com','Week 11',3,0,0,0,0,3,NULL,1602904019,NULL,1,'01090175351c1566-9dda2296-f129-49ec-9367-09bef360460d-000000',NULL,NULL,NULL,NULL,NULL,1,NULL),(76,1,'Druthi Vathsav','druthineepra9@gmail.com','Week 11',3,0,0,0,0,3,NULL,1602913900,NULL,1,'01090175351c194e-6450b465-06b3-454d-a65f-5fca809f3858-000000',NULL,NULL,NULL,NULL,NULL,1,NULL),(77,1,'Nagarjuna','nagkumbha852@gmail.com','Week 18',3,0,0,0,0,10,NULL,1607399845,NULL,1,'01090176407d8b0c-d5c7d0e1-a3ec-44db-8d81-81034c288d81-000000',NULL,NULL,NULL,NULL,NULL,1,NULL),(78,1,'popup Land','test12@mail.com','9848022338%s%Python for Data Science Certification%s%',4,0,0,0,0,NULL,NULL,1603008929,1603008900,1,NULL,'175.101.105.2','IN','http://127.0.0.1:8000/',1,3,0,''),(79,1,'test grabnow','test33@mail.com','9848022338%s%Python for Data Science Certification%s%course 2',4,0,0,0,0,NULL,NULL,1603008989,1603008960,1,NULL,'175.101.105.2','IN','http://127.0.0.1:8000/',1,3,0,NULL),(80,1,'VARIKUTI KRISHNA MOHAN','km83843@gmail.com','07337284615%s%Java Training in Vijayawada%s%',4,0,0,0,0,NULL,NULL,1604385962,1603099560,1,NULL,'157.48.149.255','IN','https://codegnan.com/django-course-online-training-with-python/',1,3,0,''),(81,1,'Sri Surya Teja Challa','suryateja113389@gmail.com','8520033608%s%Machine Learning with Python Certification%s%',4,0,0,0,0,NULL,NULL,1603131441,1603131420,1,NULL,'183.82.157.187','IN','https://codegnan.com/machine-learning-certification-training-with-python/',1,3,0,NULL),(82,1,'akathma','akathmasdevi@rubhusocial.com','8884113330%s%Python for Data Science Certification%s%',4,0,0,0,0,NULL,NULL,1603178897,1603178880,1,NULL,'122.183.57.161','IN','https://codegnan.com/python-for-data-science-training/?gtm_debug=x',1,3,0,NULL),(83,1,'A','asfsadf@gmail.com','88841113333%s%Python for Data Science Certification%s%',4,0,0,0,0,NULL,NULL,1603180108,1603180080,1,NULL,'122.183.57.161','IN','https://codegnan.com/python-for-data-science-training/?gtm_debug=x',1,3,0,NULL),(84,1,'testAD','testad@gmail.com','8884113330%s%Python for Data Science Certification%s%Python for Data Science Certification',4,0,0,0,0,NULL,NULL,1603904834,1603180260,1,NULL,'122.183.57.161','IN','https://codegnan.com/python-for-data-science-training/?gtm_debug=x',1,3,0,''),(85,1,'You can call me AD','testing@gmail.com','918884113330%s%Python for Data Science Certification',1,0,1,0,0,NULL,6,1603180563,1603180500,1,'0109017545020634-8be554c9-3c0c-4e21-8881-f66f93ed6dd9-000000','122.183.57.161','IN','https://codegnan.com/python-for-data-science-training/?gtm_debug=x',1,3,0,NULL),(86,1,'ad','testpopup@gmail.com','884499332222%s%ReactJS Certification%s%',4,0,0,0,0,NULL,NULL,1603181003,1603180620,1,NULL,'122.183.57.161','IN','https://codegnan.com/python-for-data-science-training/?gtm_debug=x',1,3,0,''),(87,1,'testfirm','testform@gmail.com','7878787878%s%ReactJS Certification',1,0,0,0,0,NULL,6,1603181025,1603180680,1,'010901754504c290-02254df1-0c7d-43f4-924a-eb0a07709ace-000000','122.183.57.161','IN','https://codegnan.com/python-for-data-science-training/?gtm_debug=x',1,3,0,''),(88,1,'ad','testformafb@gmail.com','88440022233%s%Python for Data Science Certification',1,0,1,0,0,NULL,6,1603180923,1603180860,1,'01090175450782d9-b3982f1b-ec3d-45d7-8679-74c6f840f56e-000000','122.183.57.161','IN','https://codegnan.com/python-for-data-science-training/?gtm_debug=x',1,3,0,NULL),(89,1,'ad','ts@gmail.com','77748489902%s%Python for Data Science Certification',1,0,0,1,0,NULL,6,1603180898,1603180920,1,'0109017545086e12-ed04925c-bbf6-468d-a023-5eecf615f8c6-000000','122.183.57.161','IN','https://codegnan.com/python-for-data-science-training/?gtm_debug=x',1,3,0,NULL),(90,1,'testpopp','testpop@gmail.com','8878787878%s%Machine Learning with Python Certification%s%',4,0,0,0,0,NULL,NULL,1603181123,1603181100,1,NULL,'122.183.57.161','IN','https://codegnan.com/machine-learning-certification-training-with-python/',1,3,0,NULL),(91,1,'erte','testfrom@gmail.com','87878787878%s%Machine Learning with Python Certification',1,0,0,0,0,NULL,6,1603181143,1603181160,1,'01090175450c1508-a648773a-8d4c-425a-a235-6bb91653bfcd-000000','122.183.57.161','IN','https://codegnan.com/machine-learning-certification-training-with-python/',1,3,0,NULL),(92,1,'pop','popup@gmail.com','21212121212%s%Python MTA Certification Training%s%',4,0,0,0,0,NULL,NULL,1603224317,1603181220,1,NULL,'122.183.57.161','IN','https://codegnan.com/python-for-data-science-training/?gtm_debug=x',1,3,0,''),(93,1,'form','fr@gmail.com','89898989898%s%Python for Data Science Certification',1,0,1,0,0,NULL,6,1603181287,1603181220,1,'01090175450d004e-e4acf9f7-3ddc-4f89-bc91-7354880a8d55-000000','122.183.57.161','IN','https://codegnan.com/python-for-data-science-training/?gtm_debug=x',1,3,0,NULL),(94,1,'AD','asdasd@gmail.com','918884113330%s%Python for Data Science Certification%s%',4,0,1,0,0,NULL,NULL,1603181463,1603181340,1,NULL,'122.183.57.161','IN','https://codegnan.com/python-for-data-science-training/',1,3,0,NULL),(95,1,'AD','asdasd@gmail.com','08884113330%s%Python for Data Science Certification',1,0,1,0,0,NULL,6,1603181463,1603181400,1,'01090175450fc0b5-670ed4a8-4068-42d9-a472-b5ec5634384e-000000','122.183.57.161','IN','https://codegnan.com/python-for-data-science-training/',1,3,0,NULL),(96,1,'AD','ad@gmail.com','08884113330%s%Python for Data Science Certification',1,0,0,1,0,NULL,6,1603181778,1603181760,1,'0109017545153d28-71839928-cd3d-4c75-8ab4-c2aeadc37d4b-000000','122.183.57.161','IN','https://codegnan.com/python-for-data-science-training/?gtm_debug=x',1,3,0,''),(97,1,'AD','ad@mail.com','918884113330%s%Python for Data Science Certification',1,0,1,0,0,NULL,6,1603181884,1603181820,1,'0109017545162847-17c77e1a-edba-459e-8ae1-0141575c83a9-000000','122.183.57.161','IN','https://codegnan.com/python-for-data-science-training/',1,3,0,NULL),(98,1,'Ad','adtest3@gmail.com','08884113330%s%Python for Data Science Certification',1,0,0,0,0,NULL,6,1603181864,1603181880,1,'0109017545171380-3f3dd63a-7f59-40d0-bae9-21746c16020b-000000','122.183.57.161','IN','https://codegnan.com/machine-learning-certification-training-with-python/',1,3,0,NULL),(99,1,'AD','afd@gmail.com','08884113330%s%Python for Data Science Certification',1,0,1,0,0,NULL,6,1603182183,1603182120,1,'01090175451abe68-ff5671df-a08b-4019-9df4-538ead487b3b-000000','122.183.57.161','IN','https://codegnan.com/python-for-data-science-training/',1,3,0,NULL),(100,1,'ee','d@gmil.com','21212121212%s%Python MTA Certification Training',1,0,0,0,0,NULL,6,1603224283,1603182180,1,'01090175451ba58c-6c73276a-41b7-4782-90ed-3907464bd27f-000000','122.183.57.161','IN','https://codegnan.com/machine-learning-certification-training-with-python/',1,3,0,''),(101,1,'REactjs','reactjspopup@gmail.com','918884113330%s%ReactJS Certification%s%',4,0,0,0,0,NULL,NULL,1603182223,1603182240,1,NULL,'122.183.57.161','IN','https://codegnan.com/react-js-certification-training-course/',1,3,0,NULL),(102,1,'ReactForm','reactform@gmail.com','8883224443%s%ReactJS Certification',1,0,1,0,0,NULL,6,1603182302,1603182240,1,'01090175451c90ab-150b05a8-1dff-49bd-a8c3-fb6c1d4da5df-000000','122.183.57.161','IN','https://codegnan.com/react-js-certification-training-course/',1,3,0,NULL),(103,1,'IOTpop','iotpop@gmail.com','21212121212%s%Internet of Things Certification%s%',4,0,0,0,0,NULL,NULL,1603217032,1603182300,1,NULL,'122.183.57.161','IN','https://codegnan.com/iot-certification-training-course/',1,3,0,''),(104,1,'iotform','itoform@gmail.com','918884113330%s%Internet of Things Certification',1,0,0,0,0,NULL,6,1603182296,1603182300,1,'01090175451d7c09-dd0fca72-aa8f-44a2-8480-3bdf123167ee-000000','122.183.57.161','IN','https://codegnan.com/iot-certification-training-course/',1,3,0,NULL),(105,1,'arpop','arpop@gmail.com','8884422211%s%Augmented Reality Online Training%s%',4,0,0,0,0,NULL,NULL,1603182311,1603182300,1,NULL,'122.183.57.161','IN','https://codegnan.com/augmented-reality-online-training/',1,3,0,NULL),(106,1,'arform','arform@mail.com','918884113330%s%Augmented Reality Online Training',1,0,1,0,0,NULL,6,1603182425,1603182360,1,'01090175451e6737-e136e249-8af7-4a31-bcd0-26db596ad346-000000','122.183.57.161','IN','https://codegnan.com/augmented-reality-online-training/',1,3,0,NULL),(107,1,'mtapop','mtspp@gmail.com','8887732229%s%Python MTA Certification Training%s%',4,0,0,0,0,NULL,NULL,1603182359,1603182360,1,NULL,'122.183.57.161','IN','https://codegnan.com/python-mta-certification-training/',1,3,0,NULL),(108,1,'mtaform','mtafrom@gmail.com','7774335550%s%Python MTA Certification Training',1,0,1,0,0,NULL,6,1603182423,1603182360,1,'01090175451e67e0-dc27c6b2-7010-44c1-9167-e6b3cc975828-000000','122.183.57.161','IN','https://codegnan.com/python-mta-certification-training/',1,3,0,NULL),(109,1,'af','sdf@gmail.com','8884113330%s%Python MTA Certification Training',1,0,1,0,0,NULL,6,1603183023,1603182960,1,'0109017545278e47-a3064259-e9dc-4753-9431-6f407adc43b5-000000','122.183.57.161','IN','https://codegnan.com/python-mta-certification-training/',1,3,0,NULL),(110,1,'Sagar Arora','sagar93.arora@gmail.com','9999397020%s%Python for Data Science Certification%s%',4,0,0,0,0,NULL,NULL,1603184277,1603184280,1,NULL,'171.79.24.133','IN','https://codegnan.com/python-for-data-science-training/',1,3,0,NULL),(111,1,'testvja','vjacpopup@gmail.com','7878787878%s%C Language Training in Vijayawada%s%',4,0,0,0,0,NULL,NULL,1603185501,1603185480,1,NULL,'122.183.57.161','IN','https://codegnan.com/c-language-training-institute-vijayawada/',1,3,0,NULL),(112,1,'adform','cform@gmail.com','7676767676%s%C Language Training in Vijayawada',1,0,1,0,0,NULL,6,1603185604,1603185540,1,'01090175454eee2a-7f99f222-85f6-4b47-8dc6-913ba14b0c7d-000000','122.183.57.161','IN','https://codegnan.com/c-language-training-institute-vijayawada/',1,3,0,NULL),(113,1,'Sowmyareddy','Sowmyareddykarna@gmail.com','8328293755%s%Data Science Training in Vijayawada%s%',4,0,0,0,0,NULL,NULL,1603188026,1603188000,1,NULL,'157.47.96.235','IN','https://codegnan.com/data-science-training-in-vijayawada/?utm_source=YellBlueCarousel&utm_medium=FBAD-LPV-AD&utm_campaign=DSPyFull&fbclid=PAAaYOOF7yvSS7g-40vbBAZ_I_V851fHzfHcIhBOmnbfsdK3xhDq0Ulvg-t_Y',1,3,0,NULL),(114,1,'Codegnan','codegnandm@gmail.com','06301341478%s%%s%ReactJS Certification',4,0,0,0,0,NULL,NULL,1603903853,1603198080,1,NULL,'183.82.159.183','IN','https://codegnan.com/python-mta-certification-training/',1,3,0,''),(115,1,'testconversion','tec@gmail.com','1123456789%s%Machine Learning with Python Certification%s%',4,0,0,0,0,NULL,NULL,1603198769,1603198740,1,NULL,'122.183.57.161','IN','https://codegnan.com/machine-learning-certification-training-with-python/',1,3,0,NULL),(116,1,'testcon','conv@gmail.com','8889997778%s%ReactJS Certification%s%',4,0,0,0,0,NULL,NULL,1603199775,1603199760,1,NULL,'122.183.57.161','IN','https://codegnan.com/react-js-certification-training-course/',1,3,0,NULL),(117,1,'form','form@gmail.com','5554443332%s%ReactJS Certification',1,0,1,0,0,NULL,6,1603200483,1603200420,1,'010901754631f8ec-847a4418-9bc9-4bf4-a5db-4e9ea51398cc-000000','122.183.57.161','IN','https://codegnan.com/react-js-certification-training-course/',1,3,0,NULL),(118,1,'pranav','psspranavpss@gmail.com','9398499509%s%C Language Training in Vijayawada',1,0,0,0,0,NULL,6,1603266320,1603212420,1,'0109017546e91314-52500641-142d-42d2-8b15-6d62684e7217-000000','175.101.67.27','IN','https://codegnan.com/c-language-training-institute-vijayawada/',1,3,0,NULL),(119,1,'Shelson','shelsonmta438@gmail.com','9526938875%s%Augmented Reality Online Training%s%',4,0,0,0,0,NULL,NULL,1603212526,1603212540,1,NULL,'43.229.89.46','IN','https://codegnan.com/augmented-reality-online-training/?utm_source=BlueCarousel&utm_medium=FBAD-LPV-AD&utm_campaign=ARFull&fbclid=PAAab9tUdxGi2WAg5Ys1LTJ_Evw-Z4f8d3T6HgpjJoRi_oXwl0gVyTnkGmYsE',1,3,0,NULL),(120,1,'Tarun Garg','tarugrg@gmail.com','9467676679%s%Web Development with Python Certification%s%',4,0,0,0,0,NULL,NULL,1603216472,1603216500,1,NULL,'103.120.153.102','IN','https://codegnan.com/django-course-online-training-with-python/',1,3,0,NULL),(121,1,'qw','qw@fmail.com','8787878787%s%Internet of Things Certification',1,0,0,1,0,NULL,6,1603217058,1603217040,1,'01090175472f9332-19ae4e57-5f3b-4040-9fd1-b45e5e872811-000000','122.183.57.161','IN','https://codegnan.com/iot-certification-training-course/',1,3,0,NULL),(122,1,'pop','ip@gmail.com','5646565656%s%Python for Data Science Certification%s%',4,0,0,0,0,NULL,NULL,1603219310,1603219320,1,NULL,'122.183.57.161','IN','https://codegnan.com/python-for-data-science-training/',1,3,0,NULL),(123,1,'dd','rr@gmail.com','12345678799%s%Python for Data Science Certification',1,0,1,0,0,NULL,6,1603219383,1603219320,1,'0109017547525e4b-a1c76a19-3bf3-46bf-9d84-b00d2f3bcd0d-000000','122.183.57.161','IN','https://codegnan.com/python-for-data-science-training/',1,3,0,NULL),(124,1,'You can call me AD','akatma@gmail.com','08884113330%s%Python for Data Science Certification',1,0,0,0,0,NULL,6,1603219370,1603219380,1,'0109017547534979-fc390765-8b89-4819-9bb5-a442c2eee929-000000','122.183.57.161','IN','https://codegnan.com/python-for-data-science-training/',1,3,0,NULL),(125,1,'dd','ee@gmail.com','8884113333%s%Augmented Reality Online Training%s%',4,0,1,0,0,NULL,NULL,1603219682,1603219620,1,NULL,'122.183.57.161','IN','https://codegnan.com/augmented-reality-online-training/',1,3,0,NULL),(126,1,'ee','ee@gmail.com','21212121212%s%Augmented Reality Online Training',1,0,1,0,0,NULL,6,1603219682,1603219620,1,'010901754756f07a-48b1d66b-f1fb-4f29-afa6-f699d9b41a37-000000','122.183.57.161','IN','https://codegnan.com/augmented-reality-online-training/',1,3,0,NULL),(127,1,'VENKATESH VALMIKI','v.venky079@gmail.com','09502713353%s%ReactJS Certification%s%',4,0,0,0,0,NULL,NULL,1603247690,1603247100,1,NULL,'223.182.44.18','IN','https://codegnan.com/django-course-online-training-with-python/',1,3,0,''),(128,1,'Sagar','stevecooperxyz@gmail.com','9811769741%s%Python MTA Certification Training%s%',4,0,0,0,0,NULL,NULL,1603270843,1603270860,1,NULL,'223.190.55.165','IN','https://codegnan.com/python-mta-certification-training/',1,3,0,NULL),(129,1,'Raghavendra Rao DK','dkraghavendrarao@rediffmail.com','09886133583%s%Python for Data Science Certification%s%Machine Learning with Python Certification',4,0,0,0,0,NULL,NULL,1605013224,1603295940,1,NULL,'136.185.166.14','IN','https://codegnan.com/',1,3,0,''),(130,1,'Sonal','sonalkahyap16@gmail.com','8957043376%s%Python MTA Certification Training%s%',4,0,0,0,0,NULL,NULL,1603298366,1603298340,1,NULL,'103.210.47.145','IN','https://codegnan.com/python-mta-certification-training/?utm_source=BlueCarousel&utm_medium=FBAD-LPV-AD&utm_campaign=PyMTAFull&fbclid=PAAaYu0tqu6fJIKPhaPnuMfkM6bg1onux89Nmar4p60J5DbClxsSq5ek33qwM',1,3,0,NULL),(131,1,'Varun Yarehalli Chandrappa','varun.kadur@gmail.com','0470499445%s%Machine Learning with Python Certification%s%',4,0,0,0,0,NULL,NULL,1603332415,1603332420,1,NULL,'149.167.130.24','AU','',1,3,0,''),(132,1,'Kota Rajashekhar','rajashekarkota198@gmail.com','9182624933%s%%s%ReactJS Certification',4,0,0,0,0,NULL,NULL,1603336571,1603336560,1,NULL,'157.48.176.83','IN','https://codegnan.com/accounts/login/',1,3,0,NULL),(133,1,'Hasini K','hasinik246@gmail.com','8179519968%s%%s%',4,0,0,0,0,NULL,NULL,1604598205,1603461840,1,NULL,'106.217.199.116','IN','https://codegnan.com/c-language-training-institute-vijayawada/',1,3,0,''),(134,1,'Sriya padarthi','sreyapadarthi2001@gmail.com','9949155537%s%ReactJS Certification%s%',4,0,0,0,0,NULL,NULL,1603515273,1603515300,1,NULL,'223.196.169.49','IN','https://codegnan.com/react-js-certification-training-course/',1,3,0,NULL),(135,1,'Subashini','suba.infotech1990@yahoo.in','Week 12',3,0,1,0,0,4,NULL,1603529713,NULL,1,'0109017559d1a064-afe0c9dc-c530-492a-a666-56cc5a798aba-000000',NULL,NULL,NULL,NULL,NULL,1,NULL),(136,1,'Rabbani','rabbanibasha590@gmail.com','Week 12',3,0,0,0,0,4,NULL,1603525966,NULL,1,'0109017559d1a452-3ebc20e1-f15c-49d7-a2f1-e268e0c15a41-000000',NULL,NULL,NULL,NULL,NULL,1,NULL),(137,1,'Aastha','aasthadhir99@gmail.com','Week 12',3,0,0,0,0,4,NULL,1603525966,NULL,1,'0109017559d1a83c-2e0407a4-078f-4bb6-99c1-2603e993a3b3-000000',NULL,NULL,NULL,NULL,NULL,1,NULL),(138,1,'Harish','harishgandepalli7@gmail.com','Week 12',3,0,0,0,0,4,NULL,1603529741,NULL,1,'0109017559d1ac2c-f4fc346b-1651-480a-90fd-d34d5f93e8eb-000000',NULL,NULL,NULL,NULL,NULL,1,NULL),(139,1,'Bhavya','bhavyachandrika98@gmail.com','Week 18',3,0,0,0,0,10,NULL,1607414158,NULL,1,'01090176407d8ef2-fca8b0fb-fff4-4535-93e1-545e730facca-000000',NULL,NULL,NULL,NULL,NULL,1,NULL),(140,1,'Mrunali','mbadgujar2001@gmail.com','Week 12',3,0,0,0,0,4,NULL,1603525966,NULL,1,'0109017559d1b402-e48c9f63-611e-473c-a92f-f16edc67709a-000000',NULL,NULL,NULL,NULL,NULL,1,NULL),(141,1,'Mrunali','sumit.9912@gmail.com','Week 12',3,0,0,0,0,4,NULL,1603525966,NULL,1,'0109017559d1b7f6-d86a8f1f-9ce8-4751-9f48-00cdc57c81e4-000000',NULL,NULL,NULL,NULL,NULL,1,NULL),(142,1,'Vinay','vinaysunku0101@gmail.com','Week 16',3,0,0,0,0,8,NULL,1603525966,NULL,1,'01090175f40aac2c-edc2661a-9648-4bed-bd34-e30d5a5740f4-000000',NULL,NULL,NULL,NULL,NULL,1,NULL),(143,1,'Shivaprasad','spsuryawanshi41@gmail.com','9589105774%s%Machine Learning with Python Certification%s%',4,0,0,0,0,NULL,NULL,1603627386,1603627380,1,NULL,'157.34.64.138','IN','https://codegnan.com/machine-learning-certification-training-with-python/',1,3,0,NULL),(144,1,'K b v Rama narasimham','kbvrama@gmail.com','9640183972%s%Augmented Reality Online Training%s%',4,0,0,0,0,NULL,NULL,1603629240,1603629240,1,NULL,'27.59.248.223','IN','',1,3,0,''),(145,1,'Venkat Prudhvi','venkatprudhviyetukuri@gmail.com','9492991557%s%%s%Python MTA Certification Training',4,0,0,0,0,NULL,NULL,1603634046,1603634040,1,NULL,'157.44.100.0','IN','https://codegnan.com/courses/',1,3,0,NULL),(146,1,'Pavithra Dhankesh','pavithra.dhankesh@outlook.com','09035325785%s%ReactJS Certification%s%',4,0,0,0,0,NULL,NULL,1603641311,1603641300,1,NULL,'49.207.199.88','IN','https://codegnan.com/react-js-certification-training-course/',1,3,0,NULL),(147,1,'Charan ','sreecharantelaprolu408@gmail.com','7097787408%s%%s%Python MTA Certification Training',4,0,0,0,0,NULL,NULL,1603687130,1603687080,1,NULL,'183.83.240.28','IN','',1,3,0,''),(148,1,'SUSEE Vinothkumar ','bsuseear@gmail.com','08110864668%s%%s%Python MTA Certification Training',4,0,0,0,0,NULL,NULL,1603697817,1603697820,1,NULL,'176.18.26.186','SA','https://codegnan.com/',1,3,0,NULL),(149,1,'Nimisha Bhoir','nimishavbhoir@gmail.com','9137242429%s%Machine Learning Training in Vijayawada%s%',4,0,0,0,0,NULL,NULL,1603784725,1603784700,1,NULL,'43.241.124.106','IN','https://codegnan.com/machine-learning-training-in-vijayawada/',1,3,0,NULL),(150,1,'Kanagala Sonu','sonu123kanagala@gmail.com','7995499831%s%Python Training in Vijayawada%s%',4,0,0,0,0,NULL,NULL,1603865695,1603865700,1,NULL,'106.217.228.209','IN','https://codegnan.com/python-training-institute-vijayawada/',1,3,0,NULL),(151,1,'LENA D','lenakani2000@gmail.com','6384136409%s%Machine Learning with Python Certification%s%',4,0,0,0,0,NULL,NULL,1603904011,1603904040,1,NULL,'157.51.153.159','IN','https://codegnan.com/machine-learning-certification-training-with-python/',1,3,0,NULL),(152,1,'Anil','dudduanil42@gmail.com','6304350035%s%Python Training in Vijayawada%s%',4,0,0,0,0,NULL,NULL,1604024839,1604024820,1,NULL,'157.48.55.134','IN','https://codegnan.com/python-training-institute-vijayawada/?utm_source=Google%20AD&utm_medium=CPC%20-%20GAd&utm_campaign=50%25%20Python%20Training&utm_term=python%20course&utm_campaign=&utm_source=adwords&utm_medium=ppc&hsa_acc=7555945205&hsa_cam=11483963962&hsa_grp=113052595100&hsa_ad=475550855508&hsa_src=g&hsa_tgt=kwd-323445698849&hsa_kw=python%20course&hsa_mt=e&hsa_net=adwords&hsa_ver=3&gclid=CjwKCAjw0On8BRAgEiwAincsHAYAQ-aKPIJDXyuiwughPq-nLpNTTBfyZX8bC1Xs17tzD2qmDh1nJRoCobIQAvD_BwE',1,3,0,NULL),(153,1,'Kantheti Amrutha','amruthakantheti25@gmail.com','9573784824%s%Python for Data Science Certification%s%',4,0,0,0,0,NULL,NULL,1604026877,1604026860,1,NULL,'49.37.159.248','IN','https://codegnan.com/python-for-data-science-training/?utm_source=Google%20Display&utm_medium=Maxi%20Conversion%20Python%20Male&utm_campaign=50%25PythonOnline&utm_term=&utm_campaign=&utm_source=adwords&utm_medium=ppc&hsa_acc=7555945205&hsa_cam=11476969117&hsa_grp=115781603167&hsa_ad=475454325269&hsa_src=d&hsa_tgt=&hsa_kw=&hsa_mt=&hsa_net=adwords&hsa_ver=3&gclid=EAIaIQobChMIw5iDtqnb7AIVLYGsAh0jLwSDEAEYASAAEgKjk_D_BwE',1,3,0,NULL),(154,1,'pujith siva kumar','pujithsivakumar646@gmail.com','+918179218687%s%Python Training in Vijayawada',1,0,0,0,0,NULL,6,1604142477,1604035740,1,'0109017577fbf2d1-c6b3b3d5-b624-4133-8da1-d514683e07fd-000000','223.196.168.46','IN','',1,3,0,''),(155,1,'POOJITHA PAGOLLU','ramakrishnapagolu1234@gmail.cokm','9948681319%s%C Language Training in Vijayawada%s%',4,0,0,0,0,NULL,NULL,1604050174,1604050200,1,NULL,'183.82.154.33','IN','https://codegnan.com/c-language-training-institute-vijayawada/',1,3,0,NULL),(156,1,'Uppugundla Sairam','uppugundlasairam@gmail.com','Week13',3,0,0,0,0,5,NULL,1604108938,NULL,1,'010901757c5b7faa-53598ba9-77ec-422a-a118-50adbd221384-000000',NULL,NULL,NULL,NULL,NULL,1,NULL),(157,1,'Apurva Ghanshani','apurvaghanshani01@gmail.com','Week13',3,0,0,0,0,5,NULL,1604108938,NULL,1,'010901757c5b838e-413e9d75-5a3d-47cd-898c-267f461faea8-000000',NULL,NULL,NULL,NULL,NULL,1,NULL),(158,1,'Saketh Reddy','sakethreddy.kallepu@gmail.com','Week13',3,0,0,0,0,5,NULL,1604110240,NULL,1,'010901757c5b8779-68d3300e-8f7d-4fd3-bfa0-cc6a555618ba-000000',NULL,NULL,NULL,NULL,NULL,1,NULL),(159,1,'Sriya Srinivas','sreyapadarthi2001@gmail.com','Week 14',3,0,0,0,0,6,NULL,1604108938,NULL,1,'01090175ab26214c-b335ab10-0eae-4df7-b8a6-8fcb58827c27-000000',NULL,NULL,NULL,NULL,NULL,1,NULL),(160,1,'DHruv Garg','dhruvgarg001@gmail.com','Week13',3,0,0,0,0,5,NULL,1604115433,NULL,1,'010901757c5b8f56-854a83f1-7f24-4e52-bcd9-aa6fd5b2d6b1-000000',NULL,NULL,NULL,NULL,NULL,1,NULL),(161,1,'Sanath Gattu','gattusanath111@gmail.com','Week13',3,0,0,0,0,5,NULL,1604108938,NULL,1,'010901757c5b9343-dcd400c9-005c-44ed-8ac2-910672af8770-000000',NULL,NULL,NULL,NULL,NULL,1,NULL),(162,1,'Divya Bharambe','divyabharambe25@gmail.com','Week 15',3,0,0,0,0,7,NULL,1604896223,NULL,1,'01090175cb80d062-ba038acf-f877-402f-af0e-7007c44f706f-000000',NULL,NULL,NULL,NULL,NULL,1,NULL),(163,1,'gnana sai prasad','saignana3@gmail.com','8686900906%s%Python MTA Certification Training%s%',4,0,0,0,0,NULL,NULL,1604121123,1604121120,1,NULL,'60.243.218.24','IN','https://codegnan.com/python-mta-certification-training/',1,3,0,NULL),(164,1,'SAILESH KUMAR','mannesailesh14@gmail.com','9398990979%s%Python for Data Science Certification',1,0,0,0,0,NULL,6,1604132287,1604126100,1,'010901757d5eba7c-4ff084f1-9ecd-4534-bd59-b03bb7e266e1-000000','183.82.154.30','IN','',1,3,0,''),(165,1,'Neha Pandey','nehapandey9685@gmail.com','8929831894%s%%s%Web Development with Python - Django Certification',4,0,0,0,0,NULL,NULL,1604311844,1604311800,1,NULL,'42.111.24.239','IN','',1,3,0,''),(166,1,'Vishwa','vishwa.9777@gmail.com','9343133333%s%%s%Web Development with Python - Django Certification',4,0,0,0,0,NULL,NULL,1604378435,1604378460,1,NULL,'103.103.120.221','IN','https://codegnan.com/courses/',1,3,0,NULL),(167,1,'khaja Mannanuddin','khajamannan@gmail.com','9989145909%s%Web Development with Python - Django Certification%s%',4,0,0,0,0,NULL,NULL,1604380031,1604380020,1,NULL,'117.211.164.60','IN','',1,3,0,''),(168,1,'rathna','rathna.stephen@gmail.com','9845322292%s%Web Development with Python - Django Certification%s%',4,0,0,0,0,NULL,NULL,1604381737,1604381760,1,NULL,'49.207.201.14','IN','',1,3,0,''),(169,1,'rathna','rathna.stephen@gmail.com','9845322292%s%Python MTA Certification Training',1,0,0,0,0,NULL,6,1604381878,1604381880,1,'010901758c9da066-840f6aee-934e-45ba-a1d2-440710782c8c-000000','49.207.201.14','IN','',1,3,0,''),(170,1,'pavan','pavananagodu92@outlook.com','9945651547%s%Web Development with Python - Django Certification%s%',4,0,0,0,0,NULL,NULL,1604410341,1604410320,1,NULL,'117.213.197.243','IN','https://codegnan.com/django-course-online-training-with-python/',1,3,0,NULL),(171,1,'Anjan Nekkalapu','nowra1980@yahoo.com','9440559190%s%Python Training in Vijayawada%s%',4,0,0,0,0,NULL,NULL,1604410412,1604410440,1,NULL,'223.196.170.191','IN','https://codegnan.com/python-training-institute-vijayawada/?utm_source=Google%20AD&utm_medium=CPC%20-%20GAd&utm_campaign=50%25%20Python%20Training&utm_term=python%20training%20in%20vijayawada&utm_campaign=&utm_source=adwords&utm_medium=ppc&hsa_acc=7555945205&hsa_cam=11483963962&hsa_grp=113052595100&hsa_ad=475550855508&hsa_src=g&hsa_tgt=kwd-991262040893&hsa_kw=python%20training%20in%20vijayawada&hsa_mt=e&hsa_net=adwords&hsa_ver=3&gclid=CjwKCAiAnIT9BRAmEiwANaoE1cZRNqNSV9HZT9ZU3I9gl59p9YaYIWi9t3tPjb',1,3,0,NULL),(172,1,'Venkatesh','mvrao_777@rediffmail.com','8374305605%s%Python MTA Certification Training',1,0,0,0,0,NULL,6,1604536084,1604536080,1,'0109017595ce85e7-2f6a77c7-da38-4943-bf88-4c7c4eda6202-000000','123.201.105.47','IN','https://codegnan.com/python-mta-certification-training/',1,3,0,NULL),(173,1,'phanindra kumar','phanindrakumar9648@gmail.com','9059900584%s%%s%Python for Data Science Certification',4,0,0,0,0,NULL,NULL,1604646875,1604646900,1,NULL,'49.37.157.38','IN','https://codegnan.com/',1,3,0,NULL),(174,1,'bhagath','bhagath@codegnan.com','9848022338%s%Python for Data Science Certification',1,0,1,0,0,NULL,6,1604680683,1604680620,1,'010901759e6c0915-5e36ed03-51d5-4729-b764-97e152f6cc7c-000000','183.82.156.212','IN','',1,3,0,''),(175,1,'Sahithi','sahithi.chinthakunta09@gmail.com','9550688821%s%Python for Data Science Certification%s%',4,0,0,0,0,NULL,NULL,1604685334,1604685360,1,NULL,'103.224.154.66','IN','https://codegnan.com/python-for-data-science-training/',1,3,0,NULL),(176,1,'James Mortimer','m.gbhargava@gmail.com','Week 14',3,0,0,0,0,6,NULL,1604904187,NULL,1,'01090175ab262928-7ec1878c-9a94-49ee-b084-0ea831385ed2-000000',NULL,NULL,NULL,NULL,NULL,1,NULL),(177,1,'Suneel Kumar Nuthalapati','nuthalapatisuneel@gmail.com','7013245687%s%Web Development with Python - Django Certification%s%',4,0,0,0,0,NULL,NULL,1604771358,1604771340,1,NULL,'119.235.55.210','IN','https://codegnan.com/django-course-online-training-with-python/',1,3,0,NULL),(178,1,'Nandan','jngnandan@gmail.com','6281873918%s%Web Development with Python - Django Certification%s%Machine Learning with Python Certification',4,0,0,0,0,NULL,NULL,1604889961,1604889180,1,NULL,'157.48.212.170','IN','',1,3,0,''),(179,1,'Beulah Oleti','sweetyhavi@gmail.com','9989560371%s%%s%Python for Data Science Certification',4,0,0,0,0,NULL,NULL,1604916474,1604916420,1,NULL,'117.242.168.103','IN','',1,3,0,''),(180,1,'Arvind Shelke','arvind.rocks285@gmail.com','8308617670%s%Python MTA Certification Training',1,0,0,0,0,NULL,6,1605083655,1604989860,1,'01090175b0daa8f2-a26aefc9-e7d6-4128-b829-fcbb9d20a96b-000000','117.200.166.3','IN','https://codegnan.com/python-mta-certification-training/',1,3,0,NULL),(181,1,'SACHIN L','sachinbhardhwaj1997@gmail.com','7760011709%s%%s%Python MTA Certification Training',4,0,0,0,0,NULL,NULL,1605000453,1605000480,1,NULL,'124.123.104.82','IN','https://codegnan.com/contactus/',1,3,0,NULL),(182,1,'naveen','kannegantinavien@gmail.com','8885757747%s%Python MTA Certification Training%s%',4,0,0,0,0,NULL,NULL,1605079049,1605079020,1,NULL,'117.192.11.202','IN','https://codegnan.com/python-mta-certification-training/',1,3,0,NULL),(183,1,'Roopa Shetty','roopa.shetty@bitlabs.in','09108830540%s%Python for Data Science Certification%s%',4,0,0,0,0,NULL,NULL,1605095336,1605095340,1,NULL,'49.207.221.22','IN','https://codegnan.com/python-for-data-science-training/',1,3,0,NULL),(184,1,'akash Varun','akashvarunp@gmail.com','Week 15',3,0,0,0,0,7,NULL,1605512755,NULL,1,'01090175cb80d452-bbb896e0-f08c-4e48-a53e-19908541ad4b-000000',NULL,NULL,NULL,NULL,NULL,1,NULL),(186,1,'Sravya Cheedella','cheedellasravyasri2020@gmail.com','7989145730%s%ReactJS Certification',1,0,0,0,0,NULL,6,1606324482,1605483840,1,'01090175ce4c3113-578336bb-a092-468f-8412-f42b83570944-000000','172.73.130.70','US','https://codegnan.com/react-js-certification-training-course/',1,3,0,NULL),(187,1,'iSmartRBS','sankarbr6198@gmail.com','6824158960%s%%s%Python MTA Certification Training [Online]',4,0,0,0,0,NULL,NULL,1605608000,1605607980,1,NULL,'103.212.214.75','IN','https://codegnan.com/',1,3,0,NULL),(188,1,'testar','artest@gmail.com','99999999%s%Augmented Reality Training',1,0,0,0,0,NULL,6,1605849526,1605849540,1,'01090175e4185623-4643772e-72c6-4ef2-a072-060f7f52634f-000000','117.98.131.23','IN','https://codegnan.com/augmented-reality-online-training/',1,3,0,NULL),(189,1,'Ramana','ramanachilukuri591@gmail.com','Week 16',3,0,0,0,0,8,NULL,1606115411,NULL,1,'01090175f40ab01e-10acb26b-466b-4eba-8bfd-6828b2767575-000000',NULL,NULL,NULL,NULL,NULL,1,NULL),(190,1,'Tejasvi','tejasvihingarh@gmail.com','Week 16',3,0,0,0,0,8,NULL,1606123247,NULL,1,'01090175f40ab409-d013dbb8-d758-47c0-82ab-135c3fcf2691-000000',NULL,NULL,NULL,NULL,NULL,1,NULL),(191,1,'Sathwik','neelasathwik95@gmail.com','Week 16',3,0,0,0,0,8,NULL,1606117855,NULL,1,'01090175f40ab7fb-7da6c6ed-e41b-498d-9f20-16a35becb1c9-000000',NULL,NULL,NULL,NULL,NULL,1,NULL),(192,1,'Akash','akkivish12@gmail.com','Week 16',3,0,0,0,0,8,NULL,1606115411,NULL,1,'01090175f40abbeb-408ad159-c397-4498-8832-9f819549ba32-000000',NULL,NULL,NULL,NULL,NULL,1,NULL),(193,1,'Dharshi','dharshi.venkatesan@gmail.com','Week 16',3,0,0,0,0,8,NULL,1606135171,NULL,1,'01090175f40abfd5-801dd9b3-ce69-4271-a179-f447bb773c13-000000',NULL,NULL,NULL,NULL,NULL,1,NULL),(194,1,'Lakshmi','lakshmiushasreer@gmail.com','Week 16',3,0,0,0,0,8,NULL,1606115411,NULL,1,'01090175f40ac3bf-15e46019-8f8a-413b-83e0-4fb741fe032a-000000',NULL,NULL,NULL,NULL,NULL,1,NULL),(195,1,'Eshwar','eshwarkanduri@gmail.com','Week 16',3,0,0,0,0,8,NULL,1606115411,NULL,1,'01090175f40ac7b6-84d7090d-3637-45c8-8648-a93a3a9d82d9-000000',NULL,NULL,NULL,NULL,NULL,1,NULL),(196,1,'Uday','udaysaiat13@gmail.com','Week 16',3,0,0,0,0,8,NULL,1606115411,NULL,1,'01090175f40acb9f-ad85ec4c-a7d9-4673-9a6c-bda8532de2d8-000000',NULL,NULL,NULL,NULL,NULL,1,NULL),(197,1,'Swetha','starhouse89@gmail.com','Week 16',3,0,0,0,0,8,NULL,1606140886,NULL,1,'01090175f40acf8c-0e44b31b-9b98-475f-8174-471ef4fce9bd-000000',NULL,NULL,NULL,NULL,NULL,1,NULL),(198,1,'Sai','saisuryateja3@gmail.com','Week 16',3,0,0,0,0,8,NULL,1606115411,NULL,1,'01090175f40ad388-8d4ed213-bf15-4bad-a0b2-71455c1f5a12-000000',NULL,NULL,NULL,NULL,NULL,1,NULL),(199,1,'Namratha','namrathanagaraj98@gmail.com','Week 16',3,0,0,0,0,8,NULL,1606115411,NULL,1,'01090175f40ad76b-f4ecd5d1-0e50-4017-a917-d3b5aac50c5b-000000',NULL,NULL,NULL,NULL,NULL,1,NULL),(200,1,'Murali','muralitumurothu15599@gmail.com','Week 16',3,0,0,0,0,8,NULL,1606188499,NULL,1,'01090175f40adb5f-ce946a2c-f50a-41c8-a627-675d5e3aeaf0-000000',NULL,NULL,NULL,NULL,NULL,1,NULL),(201,1,'Alex','alexmurugavel@gmail.com','Week 16',3,0,0,0,0,8,NULL,1606121097,NULL,1,'01090175f40adf44-613eaaf7-8006-4900-96fd-1f8870fda141-000000',NULL,NULL,NULL,NULL,NULL,1,NULL),(202,1,'Sai','saiprasanthpaladugula531@gmail.com','Week 16',3,0,0,0,0,8,NULL,1606136021,NULL,1,'01090175f40ae333-84bf781f-0974-439f-81e1-fd1ecfaba159-000000',NULL,NULL,NULL,NULL,NULL,1,NULL),(203,1,'Tejasri','madditejasri@gmail.com','Week 16',3,0,0,0,0,8,NULL,1606115411,NULL,1,'01090175f40ae71e-187fa900-5825-4d00-aae4-50ebe98ef05a-000000',NULL,NULL,NULL,NULL,NULL,1,NULL),(204,1,'Charishma','charishmavasireddy@gmail.com','Week 16',3,0,0,0,0,8,NULL,1606115411,NULL,1,'01090175f40aeb0b-6ab97d4c-5490-44ce-8b5e-8ae4759ed013-000000',NULL,NULL,NULL,NULL,NULL,1,NULL),(205,1,'Sree Harsha','sreeharsha10345@gmail.com','Week 18',3,0,0,0,0,10,NULL,1607400018,NULL,1,'01090176407d92e0-4d4a2e88-4717-44ea-95d0-645b07f96bf0-000000',NULL,NULL,NULL,NULL,NULL,1,NULL),(206,1,'Nipun','nipuntank19@gmail.com','Week 16',3,0,0,0,0,8,NULL,1606115411,NULL,1,'01090175f40af2e7-7aca81d9-5192-47d2-ac3b-4898f91bcf80-000000',NULL,NULL,NULL,NULL,NULL,1,NULL),(207,1,'Pavan','saipavanmanda5@gmail.com','Week 18',3,0,0,0,0,10,NULL,1607415124,NULL,1,'01090176407d96d5-cfa83c97-38ce-4218-8eb3-c21ce59111b4-000000',NULL,NULL,NULL,NULL,NULL,1,NULL),(208,1,'Pranav','vrampranav9@gmail.com','Week 16',3,0,0,0,0,8,NULL,1606118670,NULL,1,'01090175f40afac0-a17cf2f7-60af-4964-917e-c531df4e7446-000000',NULL,NULL,NULL,NULL,NULL,1,NULL),(209,1,'Divya','divyabharambhe25@gmail.com','Week 16',3,0,1,0,0,8,NULL,1606117164,NULL,1,'01090175f40afeb2-8e88b4c7-1b84-4619-9d62-abf804f3f25d-000000',NULL,NULL,NULL,NULL,NULL,1,NULL),(210,1,'Prathamesh','pratexd007@gmail.com','Week 16',3,0,0,0,0,8,NULL,1606115411,NULL,1,'01090175f40b029f-367ea152-e492-48af-84eb-8cec3772dd7d-000000',NULL,NULL,NULL,NULL,NULL,1,NULL),(211,1,'Jeevan','jeevankumarreddy56@gmail.com','Week 18',3,0,0,0,0,10,NULL,1607400220,NULL,1,'01090176407d9acc-41462838-c988-4790-afbd-a53202db6f54-000000',NULL,NULL,NULL,NULL,NULL,1,NULL),(212,1,'SHAIK SHAISTHA MEHREEN','mehreenshaistha14@gmail.com','9515476586%s%%s%Python for Data Science Certification',4,0,0,0,0,NULL,NULL,1606142378,1606142400,1,NULL,'103.206.112.194','IN','https://codegnan.com/',1,3,0,NULL),(213,1,'V.Laxmiprasanna','laxmiprasannavollala016.ct@gmail.com','9398336593%s%%s%Python for Data Science Certification',4,0,0,0,0,NULL,NULL,1606194919,1606194900,1,NULL,'157.48.221.66','IN','https://codegnan.com/courses/',1,3,0,NULL),(214,1,'Saumya Gupta','saumyamzpr@gmail.com','7417187456%s%%s%Machine Learning with Python Certification',4,0,0,0,0,NULL,NULL,1606222547,1606222560,1,NULL,'42.111.2.79','IN','https://codegnan.com/blog/interview-questions/top-data-science-interview-questions/',1,3,0,NULL),(215,1,'alert(\'temp\')','abc@gmail.com','21332123212%s%Web Development with Python - Django Certification',1,0,1,0,0,NULL,6,1606274403,1606274340,1,'01090175fd6a4693-01e898f7-c465-432a-a0c3-3a62502e7cc4-000000','103.217.212.67','IN','https://codegnan.com/django-course-online-training-with-python/',1,3,0,NULL),(216,1,'CHANDANA SAMINENI','chandanasamineni23@gmail.com','9346316863%s%%s%Python MTA Certification Training [Online]',4,0,0,0,0,NULL,NULL,1606285498,1606285500,1,NULL,'157.44.100.97','IN','https://codegnan.com/courses/',1,3,0,NULL),(217,1,'temp','temp@gmail.com','1111111111%s%Python for Data Science Certification',1,0,1,0,0,NULL,6,1606380543,1606380480,1,'0109017603bdd73f-f5d41cb3-ca00-4cbf-ad29-e9b302c939a4-000000','103.217.212.67','IN','https://codegnan.com/python-for-data-science-training/',1,3,0,NULL),(218,1,'varalakshmi','varam1805@gmail.com','9704149335%s%Python for Data Science Certification',1,0,0,0,0,NULL,6,1606576626,1606576560,1,'010901760f6dc9af-541fda0a-35b3-4798-b38f-7ca680a06342-000000','45.249.49.200','IN','https://codegnan.com/python-for-data-science-training/',1,3,0,NULL),(219,1,'vishal pawar','vishalpwr@yahoo.com','7770021622%s%%s%Web Development with Python - Django Certification',4,0,0,0,0,NULL,NULL,1606628374,1606628400,1,NULL,'103.207.8.119','IN','https://codegnan.com/payment/success/order_G6s2txMZ4cEEM7/',1,3,0,NULL),(220,1,'Shambhavi Verma','shambhavi063000@gmail.com','Week 17',3,0,0,0,0,9,NULL,1606666156,NULL,1,'010901761762cc32-ecd029e2-585d-4587-8d37-764625b32db3-000000',NULL,NULL,NULL,NULL,NULL,1,NULL),(221,1,'Redha Raj','redharaj2@gmail.com','Week 17',3,0,0,0,0,9,NULL,1606666156,NULL,1,'010901761762d01e-1cc5368b-42f8-4b3b-a00c-d99d83f00432-000000',NULL,NULL,NULL,NULL,NULL,1,NULL),(222,1,'Priyang','priyangbhattml@gmail.com','Week 18',3,0,0,0,0,10,NULL,1607419636,NULL,1,'01090176407d9eaa-f3094791-5b88-48b0-8e67-69bd0ffcded0-000000',NULL,NULL,NULL,NULL,NULL,1,NULL),(223,1,'Bhavani Sankar Rayavarapu','bhavanisankarrayavarapu@gmail.com','9490060536%s%Python for Data Science Certification',1,0,0,0,0,NULL,6,1606739426,1606739340,1,'0109017619219995-630c782a-063d-4bb8-ab16-cbfbf2f6b286-000000','103.212.214.75','IN','https://codegnan.com/python-mta-certification-training/',1,3,0,NULL),(224,1,'codegnan','codegnan@gmail.com','06301341478%s%Python Training in Vijayawada',1,0,0,0,0,NULL,6,1606888396,1606816740,1,'010901761dbea26d-39e850c0-a0fe-4837-b7b4-4c56b98484e4-000000','49.37.158.83','IN','https://codegnan.com/python-training-institute-vijayawada/',1,3,0,NULL),(225,1,'|NAME|','yxtgjavx@yomail.info','%s%%s%',4,0,0,0,0,NULL,NULL,1607037322,1607037300,1,NULL,'46.216.9.139','BY','',1,3,0,NULL),(226,1,'HIMAJYOTHI','kodali.himajyothi@gmail.com','6281541931%s%Machine Learning with Python Certification',1,0,0,0,0,NULL,6,1607098205,1607098140,1,'010901762e847735-aba313d4-25a4-4bd5-82ed-a861d1b8ad0f-000000','162.198.8.13','US','https://codegnan.com/machine-learning-certification-training-with-python/',1,3,0,NULL),(227,1,'Md zikrullah','mohmmedzikrullah159@gmail.com','9391902529%s%Machine Learning with Python Certification%s%Machine Learning with Python Certification',4,0,0,0,0,NULL,NULL,1607280130,1607280120,1,NULL,'106.208.36.5','IN','https://codegnan.com/machine-learning-certification-training-with-python/',1,3,0,NULL),(228,1,'Ajay','ajaysamayamantri@gmail.com','Week 18',3,0,0,0,0,10,NULL,1607316770,NULL,1,'01090176407da298-b1714f0c-ecb0-4351-97fa-62933dd95f3d-000000',NULL,NULL,NULL,NULL,NULL,1,NULL),(229,1,'Aniket','anibramhe91@gmail.com','Week 18',3,0,0,0,0,10,NULL,1607400409,NULL,1,'01090176407da698-13a99a1c-d4ff-40e4-8532-ab1cb3eb1d38-000000',NULL,NULL,NULL,NULL,NULL,1,NULL),(230,1,'Nikhil','nikhilchandra324@gmail.com','Week 18',3,0,0,0,0,10,NULL,1607316770,NULL,1,'01090176407daa75-cf00bae0-e431-4278-9ebd-cbc8323c2566-000000',NULL,NULL,NULL,NULL,NULL,1,NULL),(231,1,'Anup','anup.agharkar75@gmail.com','Week 18',3,0,0,0,0,10,NULL,1607316770,NULL,1,'01090176407dae5f-c2e3589a-1d90-4590-ac92-983a7735801a-000000',NULL,NULL,NULL,NULL,NULL,1,NULL),(232,1,'Gayatri','gayatrinukala515@gmail.com','Week 18',3,0,1,0,0,10,NULL,1607399749,NULL,1,'01090176407db253-171deaab-ec33-45eb-862b-adfd34e9e4ab-000000',NULL,NULL,NULL,NULL,NULL,1,NULL),(233,1,'Rakesh','rakeramavath@gmail.com','Week 18',3,0,0,0,0,10,NULL,1607402168,NULL,1,'01090176407db63b-562f50d5-f615-420e-8eaa-376d7d3f6373-000000',NULL,NULL,NULL,NULL,NULL,1,NULL),(234,1,'Rakesh','rakesh123410101999@gmail.com','Week 18',3,0,0,0,0,10,NULL,1607413355,NULL,1,'01090176407dba29-b039693f-b7c6-4f64-8e29-d670b2991849-000000',NULL,NULL,NULL,NULL,NULL,1,NULL),(235,1,'Vashish','aasish1997@gmail.com','Week 18',3,0,0,0,0,10,NULL,1607401298,NULL,1,'01090176407dbe19-54ec372f-3465-4d41-939a-696de174b625-000000',NULL,NULL,NULL,NULL,NULL,1,NULL),(236,1,'Saurav','sauravgangurde0799@gmail.com','Week 18',3,0,0,0,0,10,NULL,1607316770,NULL,1,'01090176407dc207-5b7d8cb2-79d1-4d1a-bd02-4b1e1f311404-000000',NULL,NULL,NULL,NULL,NULL,1,NULL),(237,1,'Nithin','nithin.yadav0010@gmail.com','Week 18',3,0,0,0,0,10,NULL,1607498045,NULL,1,'01090176407dc5f7-c529a11d-00ee-4747-a80e-c7636ce2532d-000000',NULL,NULL,NULL,NULL,NULL,1,NULL),(238,1,'Prabhu','prabhukalyan30@gmail.com','Week 18',3,0,0,0,0,10,NULL,1607399880,NULL,1,'01090176407dc9e2-11d0ea9e-0428-4765-887f-2cd8c3f5a797-000000',NULL,NULL,NULL,NULL,NULL,1,NULL),(239,1,'Venky','venkychanty079@gmail.com','Week 18',3,0,0,0,0,10,NULL,1607428064,NULL,1,'01090176407dcdd0-b77153db-2e92-4836-8b9d-d266bda0811e-000000',NULL,NULL,NULL,NULL,NULL,1,NULL),(240,1,'Erin','dqbfcbncc@emlhub.com','%s%%s%',4,0,0,0,0,NULL,NULL,1607341183,1607341200,1,NULL,'46.216.9.139','BY','',1,3,0,NULL),(241,1,'Silver6000','silver42.6000@gmail.com','7972795845%s%Python Training in Vijayawada%s%Python Training in Vijayawada',4,0,0,0,0,NULL,NULL,1607437152,1607437140,1,NULL,'103.123.235.181','IN','https://codegnan.com/python-training-institute-vijayawada/',1,3,0,NULL),(242,1,'VARDHANI PATTEM','pattemvardhani@gmail.com','7330723171%s%Data Science Training in Vijayawada%s%Python for Data Science Certification',4,0,0,0,0,NULL,NULL,1607491833,1607491860,1,NULL,'223.238.63.228','IN','https://codegnan.com/data-science-training-in-vijayawada/',1,3,0,NULL);
/*!40000 ALTER TABLE `subscribers` ENABLE KEYS */;
UNLOCK TABLES;

--
-- Table structure for table `subscribers_seg`
--

DROP TABLE IF EXISTS `subscribers_seg`;
/*!40101 SET @saved_cs_client     = @@character_set_client */;
/*!40101 SET character_set_client = utf8 */;
CREATE TABLE `subscribers_seg` (
  `seg_id` int(11) NOT NULL,
  `subscriber_id` int(11) NOT NULL,
  PRIMARY KEY (`seg_id`,`subscriber_id`),
  KEY `s_sid` (`seg_id`),
  KEY `s_subscriber_id` (`subscriber_id`)
) ENGINE=InnoDB DEFAULT CHARSET=utf8;
/*!40101 SET character_set_client = @saved_cs_client */;

--
-- Dumping data for table `subscribers_seg`
--

LOCK TABLES `subscribers_seg` WRITE;
/*!40000 ALTER TABLE `subscribers_seg` DISABLE KEYS */;
INSERT INTO `subscribers_seg` VALUES (2,36),(2,37),(2,38),(2,40),(2,42),(2,44),(2,48),(2,54),(2,69),(2,70),(2,71),(2,72),(2,73),(2,74),(2,75),(2,76),(2,77),(3,36),(3,38),(3,39),(3,48),(3,58),(3,77),(3,135),(3,136),(3,137),(3,138),(3,139),(3,140),(3,141),(3,142),(4,36),(4,38),(4,42),(4,44),(4,56),(4,61),(4,70),(4,156),(4,157),(4,158),(4,159),(4,160),(4,161),(4,162),(5,36),(5,44),(5,51),(5,70),(5,159),(5,162),(5,176),(6,36),(6,44),(6,61),(6,162),(6,184),(7,37),(7,38),(7,44),(7,48),(7,53),(7,54),(7,58),(7,77),(7,142),(7,189),(7,190),(7,191),(7,192),(7,193),(7,194),(7,195),(7,196),(7,197),(7,198),(7,199),(7,200),(7,201),(7,202),(7,203),(7,204),(7,205),(7,206),(7,207),(7,208),(7,209),(7,210),(7,211),(8,37),(8,220),(8,221),(8,222),(9,37),(9,41),(9,42),(9,77),(9,139),(9,205),(9,207),(9,211),(9,222),(9,228),(9,229),(9,230),(9,231),(9,232),(9,233),(9,234),(9,235),(9,236),(9,237),(9,238),(9,239);
/*!40000 ALTER TABLE `subscribers_seg` ENABLE KEYS */;
UNLOCK TABLES;

--
-- Table structure for table `suppression_list`
--

DROP TABLE IF EXISTS `suppression_list`;
/*!40101 SET @saved_cs_client     = @@character_set_client */;
/*!40101 SET character_set_client = utf8 */;
CREATE TABLE `suppression_list` (
  `id` int(11) unsigned NOT NULL AUTO_INCREMENT,
  `app` int(11) DEFAULT NULL,
  `email` varchar(100) DEFAULT NULL,
  `timestamp` varchar(100) DEFAULT NULL,
  `block_attempts` int(100) DEFAULT '0',
  PRIMARY KEY (`id`)
) ENGINE=InnoDB DEFAULT CHARSET=utf8;
/*!40101 SET character_set_client = @saved_cs_client */;

--
-- Dumping data for table `suppression_list`
--

LOCK TABLES `suppression_list` WRITE;
/*!40000 ALTER TABLE `suppression_list` DISABLE KEYS */;
/*!40000 ALTER TABLE `suppression_list` ENABLE KEYS */;
UNLOCK TABLES;

--
-- Table structure for table `template`
--

DROP TABLE IF EXISTS `template`;
/*!40101 SET @saved_cs_client     = @@character_set_client */;
/*!40101 SET character_set_client = utf8 */;
CREATE TABLE `template` (
  `id` int(11) unsigned NOT NULL AUTO_INCREMENT,
  `userID` int(11) DEFAULT NULL,
  `app` int(11) DEFAULT NULL,
  `template_name` varchar(500) COLLATE utf8mb4_unicode_ci DEFAULT NULL,
  `html_text` longtext COLLATE utf8mb4_unicode_ci,
  PRIMARY KEY (`id`)
) ENGINE=InnoDB DEFAULT CHARSET=utf8mb4 COLLATE=utf8mb4_unicode_ci;
/*!40101 SET character_set_client = @saved_cs_client */;

--
-- Dumping data for table `template`
--

LOCK TABLES `template` WRITE;
/*!40000 ALTER TABLE `template` DISABLE KEYS */;
/*!40000 ALTER TABLE `template` ENABLE KEYS */;
UNLOCK TABLES;

--
-- Table structure for table `zapier`
--

DROP TABLE IF EXISTS `zapier`;
/*!40101 SET @saved_cs_client     = @@character_set_client */;
/*!40101 SET character_set_client = utf8 */;
CREATE TABLE `zapier` (
  `id` int(11) unsigned NOT NULL AUTO_INCREMENT,
  `subscribe_endpoint` varchar(100) DEFAULT NULL,
  `event` varchar(100) DEFAULT NULL,
  `list` int(11) DEFAULT NULL,
  `app` int(11) DEFAULT NULL,
  PRIMARY KEY (`id`)
) ENGINE=InnoDB DEFAULT CHARSET=utf8;
/*!40101 SET character_set_client = @saved_cs_client */;

--
-- Dumping data for table `zapier`
--

LOCK TABLES `zapier` WRITE;
/*!40000 ALTER TABLE `zapier` DISABLE KEYS */;
/*!40000 ALTER TABLE `zapier` ENABLE KEYS */;
UNLOCK TABLES;
/*!40103 SET TIME_ZONE=@OLD_TIME_ZONE */;

/*!40101 SET SQL_MODE=@OLD_SQL_MODE */;
/*!40014 SET FOREIGN_KEY_CHECKS=@OLD_FOREIGN_KEY_CHECKS */;
/*!40014 SET UNIQUE_CHECKS=@OLD_UNIQUE_CHECKS */;
/*!40101 SET CHARACTER_SET_CLIENT=@OLD_CHARACTER_SET_CLIENT */;
/*!40101 SET CHARACTER_SET_RESULTS=@OLD_CHARACTER_SET_RESULTS */;
/*!40101 SET COLLATION_CONNECTION=@OLD_COLLATION_CONNECTION */;
/*!40111 SET SQL_NOTES=@OLD_SQL_NOTES */;

-- Dump completed on 2021-02-25 11:11:30
